ctime,relname,pid,mode,granted
1440066493.19107,customer,21739,RowExclusiveLock,t
1440066493.19107,lineitem,21733,ExclusiveLock,t
1440066493.19107,lineitem,21733,RowExclusiveLock,t
1440066493.19107,nation,21762,ShareUpdateExclusiveLock,t
1440066493.19107,orders,21736,ExclusiveLock,t
1440066493.19107,orders,21736,RowExclusiveLock,t
1440066493.19107,part,21735,RowExclusiveLock,t
1440066493.19107,partsupp,21737,RowExclusiveLock,t
1440066493.19107,pg_locks,21769,AccessShareLock,t
1440066493.19107,pg_rewrite,21772,AccessShareLock,t
1440066493.19107,pg_rewrite_rel_rulename_index,21772,AccessShareLock,t
1440066493.19107,pg_stat_activity,21770,AccessShareLock,t
1440066493.19107,pg_stat_all_indexes,21772,AccessShareLock,t
1440066493.19107,pg_stat_database,21771,AccessShareLock,t
1440066493.19107,pg_toast_2618,21772,AccessShareLock,t
1440066493.19107,pk_nation,21762,AccessShareLock,t
1440066493.19107,pk_region,21755,AccessShareLock,t
1440066493.19107,region,21755,ShareUpdateExclusiveLock,t
1440066493.19107,supplier,21734,RowExclusiveLock,t
1440066553.19636,customer,21739,RowExclusiveLock,t
1440066553.19636,lineitem,21733,RowExclusiveLock,t
1440066553.19636,orders,21736,RowExclusiveLock,t
1440066553.19636,part,21735,RowExclusiveLock,t
1440066553.19636,partsupp,21737,RowExclusiveLock,t
1440066553.19636,pg_index,21790,AccessShareLock,t
1440066553.19636,pg_locks,21792,AccessShareLock,t
1440066553.19636,pg_stat_activity,21793,AccessShareLock,t
1440066553.19636,pg_stat_all_indexes,21794,AccessShareLock,t
1440066553.19636,pg_stat_all_tables,21790,AccessShareLock,t
1440066553.19636,pg_stat_database,21791,AccessShareLock,t
1440066553.19636,pg_statio_all_indexes,21794,AccessShareLock,t
1440066553.19636,pg_statio_all_tables,21790,AccessShareLock,t
1440066613.19664,customer,21805,AccessExclusiveLock,f
1440066613.19664,customer,21803,ShareLock,t
1440066613.19664,customer,21806,ShareLock,f
1440066613.19664,customer,21804,ShareLock,t
1440066613.19664,customer,21802,ShareLock,t
1440066613.19664,lineitem,21733,RowExclusiveLock,t
1440066613.19664,orders,21736,RowExclusiveLock,t
1440066613.19664,part,21735,RowExclusiveLock,t
1440066613.19664,partsupp,21737,RowExclusiveLock,t
1440066613.19664,pg_index,21824,AccessShareLock,t
1440066613.19664,pg_index,21823,AccessShareLock,t
1440066613.19664,pg_locks,21825,AccessShareLock,t
1440066613.19664,pg_stat_activity,21821,AccessShareLock,t
1440066613.19664,pg_stat_all_indexes,21824,AccessShareLock,t
1440066613.19664,pg_stat_all_tables,21823,AccessShareLock,t
1440066613.19664,pg_stat_database,21822,AccessShareLock,t
1440066613.19664,pg_statio_all_indexes,21824,AccessShareLock,t
1440066613.19664,pg_statio_all_tables,21823,AccessShareLock,t
1440066673.19869,customer,21806,ShareLock,t
1440066673.19869,lineitem,21733,RowExclusiveLock,t
1440066673.19869,orders,21736,RowExclusiveLock,t
1440066673.19869,part,21833,ShareLock,t
1440066673.19869,part,21835,ShareLock,t
1440066673.19869,part,21832,ShareLock,t
1440066673.19869,partsupp,21737,RowExclusiveLock,t
1440066673.19869,pg_index,21849,AccessShareLock,t
1440066673.19869,pg_locks,21846,AccessShareLock,t
1440066673.19869,pg_stat_activity,21848,AccessShareLock,t
1440066673.19869,pg_stat_all_indexes,21849,AccessShareLock,t
1440066673.19869,pg_stat_all_tables,21847,AccessShareLock,t
1440066673.19869,pg_stat_database,21845,AccessShareLock,t
1440066673.19869,pg_statio_all_indexes,21849,AccessShareLock,t
1440066673.19869,pg_statio_all_tables,21847,AccessShareLock,t
1440066733.20054,lineitem,21733,RowExclusiveLock,t
1440066733.20054,orders,21736,RowExclusiveLock,t
1440066733.20054,part,21833,ShareLock,t
1440066733.20054,partsupp,21737,RowExclusiveLock,t
1440066733.20054,pg_index,21864,AccessShareLock,t
1440066733.20054,pg_index,21860,AccessShareLock,t
1440066733.20054,pg_locks,21861,AccessShareLock,t
1440066733.20054,pg_stat_activity,21862,AccessShareLock,t
1440066733.20054,pg_stat_all_indexes,21860,AccessShareLock,t
1440066733.20054,pg_stat_all_tables,21864,AccessShareLock,t
1440066733.20054,pg_stat_database,21863,AccessShareLock,t
1440066733.20054,pg_statio_all_indexes,21860,AccessShareLock,t
1440066733.20054,pg_statio_all_tables,21864,AccessShareLock,t
1440066793.2018,lineitem,21733,RowExclusiveLock,t
1440066793.2018,orders,21736,RowExclusiveLock,t
1440066793.2018,partsupp,21737,RowExclusiveLock,t
1440066793.2018,pg_index,21879,AccessShareLock,t
1440066793.2018,pg_locks,21876,AccessShareLock,t
1440066793.2018,pg_stat_activity,21875,AccessShareLock,t
1440066793.2018,pg_stat_all_indexes,21879,AccessShareLock,t
1440066793.2018,pg_stat_all_tables,21877,AccessShareLock,t
1440066793.2018,pg_stat_database,21878,AccessShareLock,t
1440066793.2018,pg_statio_all_indexes,21879,AccessShareLock,t
1440066793.2018,pg_statio_all_tables,21877,AccessShareLock,t
1440066853.204,lineitem,21733,RowExclusiveLock,t
1440066853.204,orders,21736,RowExclusiveLock,t
1440066853.204,partsupp,21737,RowExclusiveLock,t
1440066853.204,pg_index,21892,AccessShareLock,t
1440066853.204,pg_index,21891,AccessShareLock,t
1440066853.204,pg_locks,21890,AccessShareLock,t
1440066853.204,pg_stat_all_indexes,21891,AccessShareLock,t
1440066853.204,pg_stat_all_tables,21892,AccessShareLock,t
1440066853.204,pg_stat_database,21888,AccessShareLock,t
1440066853.204,pg_statio_all_indexes,21891,AccessShareLock,t
1440066853.204,pg_statio_all_tables,21892,AccessShareLock,t
1440066913.20557,lineitem,21733,RowExclusiveLock,t
1440066913.20557,orders,21736,RowExclusiveLock,t
1440066913.20557,partsupp,21895,ShareLock,f
1440066913.20557,partsupp,21896,AccessExclusiveLock,t
1440066913.20557,partsupp,21896,ShareLock,t
1440066913.20557,pg_index,21909,AccessShareLock,t
1440066913.20557,pg_index,21906,AccessShareLock,t
1440066913.20557,pg_index_indrelid_index,21909,AccessShareLock,t
1440066913.20557,pg_locks,21905,AccessShareLock,t
1440066913.20557,pg_stat_activity,21909,AccessShareLock,t
1440066913.20557,pg_stat_all_indexes,21908,AccessShareLock,t
1440066913.20557,pg_stat_all_tables,21906,AccessShareLock,t
1440066913.20557,pg_stat_database,21907,AccessShareLock,t
1440066913.20557,pg_statio_all_indexes,21908,AccessShareLock,t
1440066913.20557,pg_statio_all_tables,21906,AccessShareLock,t
1440066973.20797,lineitem,21733,RowExclusiveLock,t
1440066973.20797,orders,21736,RowExclusiveLock,t
1440066973.20797,partsupp,21895,ShareLock,t
1440066973.20797,pg_index,21921,AccessShareLock,t
1440066973.20797,pg_index,21920,AccessShareLock,t
1440066973.20797,pg_locks,21922,AccessShareLock,t
1440066973.20797,pg_namespace,21920,AccessShareLock,t
1440066973.20797,pg_stat_activity,21919,AccessShareLock,t
1440066973.20797,pg_stat_all_indexes,21921,AccessShareLock,t
1440066973.20797,pg_stat_all_tables,21920,AccessShareLock,t
1440066973.20797,pg_stat_database,21918,AccessShareLock,t
1440066973.20797,pg_statio_all_indexes,21921,AccessShareLock,t
1440066973.20797,pg_statio_all_tables,21920,AccessShareLock,t
1440067033.20937,lineitem,21733,RowExclusiveLock,t
1440067033.20937,orders,21736,RowExclusiveLock,t
1440067033.20937,pg_amop,21935,AccessShareLock,t
1440067033.20937,pg_amop_opr_fam_index,21935,AccessShareLock,t
1440067033.20937,pg_index,21935,AccessShareLock,t
1440067033.20937,pg_index,21937,AccessShareLock,t
1440067033.20937,pg_locks,21933,AccessShareLock,t
1440067033.20937,pg_namespace,21937,AccessShareLock,t
1440067033.20937,pg_namespace,21935,AccessShareLock,t
1440067033.20937,pg_stat_activity,21936,AccessShareLock,t
1440067033.20937,pg_stat_all_indexes,21937,AccessShareLock,t
1440067033.20937,pg_stat_all_tables,21935,AccessShareLock,t
1440067033.20937,pg_stat_database,21934,AccessShareLock,t
1440067033.20937,pg_statio_all_indexes,21937,AccessShareLock,t
1440067033.20937,pg_statio_all_tables,21935,AccessShareLock,t
1440067093.21064,lineitem,21733,RowExclusiveLock,t
1440067093.21064,orders,21736,RowExclusiveLock,t
1440067093.21064,pg_index,21947,AccessShareLock,t
1440067093.21064,pg_locks,21946,AccessShareLock,t
1440067093.21064,pg_namespace,21947,AccessShareLock,t
1440067093.21064,pg_stat_activity,21950,AccessShareLock,t
1440067093.21064,pg_stat_all_indexes,21947,AccessShareLock,t
1440067093.21064,pg_stat_all_tables,21948,AccessShareLock,t
1440067093.21064,pg_stat_database,21949,AccessShareLock,t
1440067093.21064,pg_statio_all_indexes,21947,AccessShareLock,t
1440067093.21064,pg_statio_all_tables,21948,AccessShareLock,t
1440067093.21064,pg_statistic,21950,AccessShareLock,t
1440067093.21064,pg_statistic_relid_att_inh_index,21950,AccessShareLock,t
1440067153.21275,lineitem,21733,RowExclusiveLock,t
1440067153.21275,orders,21736,RowExclusiveLock,t
1440067153.21275,pg_index,21963,AccessShareLock,t
1440067153.21275,pg_locks,21959,AccessShareLock,t
1440067153.21275,pg_operator,21962,AccessShareLock,t
1440067153.21275,pg_operator_oprname_l_r_n_index,21962,AccessShareLock,t
1440067153.21275,pg_stat_activity,21960,AccessShareLock,t
1440067153.21275,pg_stat_all_indexes,21963,AccessShareLock,t
1440067153.21275,pg_stat_all_tables,21962,AccessShareLock,t
1440067153.21275,pg_stat_database,21961,AccessShareLock,t
1440067153.21275,pg_statio_all_indexes,21963,AccessShareLock,t
1440067153.21275,pg_statio_all_tables,21962,AccessShareLock,t
1440067213.21453,lineitem,21733,RowExclusiveLock,t
1440067213.21453,orders,21970,AccessExclusiveLock,f
1440067213.21453,orders,21968,ShareLock,t
1440067213.21453,orders,21969,ShareLock,t
1440067213.21453,pg_index,21985,AccessShareLock,t
1440067213.21453,pg_locks,21986,AccessShareLock,t
1440067213.21453,pg_stat_activity,21988,AccessShareLock,t
1440067213.21453,pg_stat_all_indexes,21987,AccessShareLock,t
1440067213.21453,pg_stat_all_tables,21985,AccessShareLock,t
1440067213.21453,pg_stat_database,21989,AccessShareLock,t
1440067213.21453,pg_statio_all_indexes,21987,AccessShareLock,t
1440067213.21453,pg_statio_all_tables,21985,AccessShareLock,t
1440067273.2166,lineitem,21733,RowExclusiveLock,t
1440067273.2166,orders,21970,AccessExclusiveLock,f
1440067273.2166,orders,21968,ShareLock,t
1440067273.2166,orders,21969,ShareLock,t
1440067273.2166,pg_index,21998,AccessShareLock,t
1440067273.2166,pg_locks,22000,AccessShareLock,t
1440067273.2166,pg_namespace,21998,AccessShareLock,t
1440067273.2166,pg_stat_activity,22002,AccessShareLock,t
1440067273.2166,pg_stat_all_indexes,22001,AccessShareLock,t
1440067273.2166,pg_stat_all_tables,21998,AccessShareLock,t
1440067273.2166,pg_stat_database,21999,AccessShareLock,t
1440067273.2166,pg_statio_all_indexes,22001,AccessShareLock,t
1440067273.2166,pg_statio_all_tables,21998,AccessShareLock,t
1440067333.21895,lineitem,21733,RowExclusiveLock,t
1440067333.21895,orders,21968,ShareLock,t
1440067333.21895,orders,21970,AccessExclusiveLock,f
1440067333.21895,pg_index,22016,AccessShareLock,t
1440067333.21895,pg_index,22014,AccessShareLock,t
1440067333.21895,pg_index_indexrelid_index,22014,AccessShareLock,t
1440067333.21895,pg_index_indrelid_index,22014,AccessShareLock,t
1440067333.21895,pg_locks,22018,AccessShareLock,t
1440067333.21895,pg_namespace,22014,AccessShareLock,t
1440067333.21895,pg_namespace,22016,AccessShareLock,t
1440067333.21895,pg_stat_activity,22017,AccessShareLock,t
1440067333.21895,pg_stat_all_indexes,22014,AccessShareLock,t
1440067333.21895,pg_stat_all_tables,22016,AccessShareLock,t
1440067333.21895,pg_stat_database,22015,AccessShareLock,t
1440067333.21895,pg_statio_all_indexes,22014,AccessShareLock,t
1440067333.21895,pg_statio_all_tables,22016,AccessShareLock,t
1440067393.22056,lineitem,21733,RowExclusiveLock,t
1440067393.22056,orders,21970,AccessExclusiveLock,f
1440067393.22056,orders,21968,ShareLock,t
1440067393.22056,pg_amproc,22027,AccessShareLock,t
1440067393.22056,pg_amproc_fam_proc_index,22027,AccessShareLock,t
1440067393.22056,pg_locks,22029,AccessShareLock,t
1440067393.22056,pg_stat_activity,22027,AccessShareLock,t
1440067393.22056,pg_stat_all_indexes,22031,AccessShareLock,t
1440067393.22056,pg_stat_all_tables,22030,AccessShareLock,t
1440067393.22056,pg_stat_database,22028,AccessShareLock,t
1440067393.22056,pg_statio_all_indexes,22031,AccessShareLock,t
1440067393.22056,pg_statio_all_tables,22030,AccessShareLock,t
1440067453.223,lineitem,21733,ExclusiveLock,t
1440067453.223,lineitem,21733,RowExclusiveLock,t
1440067453.223,orders,21970,AccessExclusiveLock,t
1440067453.223,orders,21970,ShareLock,t
1440067453.223,pg_locks,22042,AccessShareLock,t
1440067453.223,pg_rewrite,22044,AccessShareLock,t
1440067453.223,pg_rewrite_rel_rulename_index,22044,AccessShareLock,t
1440067453.223,pg_stat_activity,22041,AccessShareLock,t
1440067453.223,pg_stat_all_indexes,22043,AccessShareLock,t
1440067453.223,pg_stat_all_tables,22044,AccessShareLock,t
1440067453.223,pg_stat_database,22040,AccessShareLock,t
1440067453.223,pg_statio_all_indexes,22043,AccessShareLock,t
1440067453.223,pg_statio_all_tables,22044,AccessShareLock,t
1440067513.22468,lineitem,21733,RowExclusiveLock,t
1440067513.22468,orders,22048,ShareUpdateExclusiveLock,t
1440067513.22468,orders_o_orderdate_o_orderkey_idx,22048,RowExclusiveLock,t
1440067513.22468,orders_o_orderkey_o_orderdate_idx,22048,RowExclusiveLock,t
1440067513.22468,pg_index,22058,AccessShareLock,t
1440067513.22468,pg_index,22059,AccessShareLock,t
1440067513.22468,pg_index_indrelid_index,22059,AccessShareLock,t
1440067513.22468,pg_locks,22055,AccessShareLock,t
1440067513.22468,pg_rewrite,22059,AccessShareLock,t
1440067513.22468,pg_rewrite_rel_rulename_index,22059,AccessShareLock,t
1440067513.22468,pg_stat_activity,22057,AccessShareLock,t
1440067513.22468,pg_stat_all_indexes,22058,AccessShareLock,t
1440067513.22468,pg_stat_database,22056,AccessShareLock,t
1440067513.22468,pg_statio_all_indexes,22058,AccessShareLock,t
1440067513.22468,pg_statio_all_tables,22059,AccessShareLock,t
1440067513.22468,pg_toast_2618,22059,AccessShareLock,t
1440067513.22468,pk_orders,22048,RowExclusiveLock,t
1440067573.22694,lineitem,21733,RowExclusiveLock,t
1440067573.22694,pg_index,22071,AccessShareLock,t
1440067573.22694,pg_index,22070,AccessShareLock,t
1440067573.22694,pg_locks,22072,AccessShareLock,t
1440067573.22694,pg_namespace,22070,AccessShareLock,t
1440067573.22694,pg_namespace,22071,AccessShareLock,t
1440067573.22694,pg_stat_all_indexes,22071,AccessShareLock,t
1440067573.22694,pg_stat_all_tables,22070,AccessShareLock,t
1440067573.22694,pg_stat_database,22068,AccessShareLock,t
1440067573.22694,pg_statio_all_indexes,22071,AccessShareLock,t
1440067573.22694,pg_statio_all_tables,22070,AccessShareLock,t
1440067633.22907,lineitem,21733,RowExclusiveLock,t
1440067633.22907,pg_amop,22081,AccessShareLock,t
1440067633.22907,pg_amop_opr_fam_index,22081,AccessShareLock,t
1440067633.22907,pg_index,22081,AccessShareLock,t
1440067633.22907,pg_locks,22085,AccessShareLock,t
1440067633.22907,pg_namespace,22081,AccessShareLock,t
1440067633.22907,pg_stat_activity,22084,AccessShareLock,t
1440067633.22907,pg_stat_all_indexes,22083,AccessShareLock,t
1440067633.22907,pg_stat_all_tables,22081,AccessShareLock,t
1440067633.22907,pg_stat_database,22082,AccessShareLock,t
1440067633.22907,pg_statio_all_indexes,22083,AccessShareLock,t
1440067633.22907,pg_statio_all_tables,22081,AccessShareLock,t
1440067693.23098,lineitem,21733,RowExclusiveLock,t
1440067693.23098,pg_index,22097,AccessShareLock,t
1440067693.23098,pg_locks,22098,AccessShareLock,t
1440067693.23098,pg_namespace,22097,AccessShareLock,t
1440067693.23098,pg_rewrite,22099,AccessShareLock,t
1440067693.23098,pg_rewrite_rel_rulename_index,22099,AccessShareLock,t
1440067693.23098,pg_stat_activity,22096,AccessShareLock,t
1440067693.23098,pg_stat_all_indexes,22097,AccessShareLock,t
1440067693.23098,pg_stat_all_tables,22099,AccessShareLock,t
1440067693.23098,pg_stat_database,22095,AccessShareLock,t
1440067693.23098,pg_statio_all_indexes,22097,AccessShareLock,t
1440067693.23098,pg_statio_all_tables,22099,AccessShareLock,t
1440067753.23328,lineitem,21733,RowExclusiveLock,t
1440067753.23328,pg_index,22110,AccessShareLock,t
1440067753.23328,pg_index,22112,AccessShareLock,t
1440067753.23328,pg_locks,22111,AccessShareLock,t
1440067753.23328,pg_namespace,22112,AccessShareLock,t
1440067753.23328,pg_namespace,22110,AccessShareLock,t
1440067753.23328,pg_stat_all_indexes,22110,AccessShareLock,t
1440067753.23328,pg_stat_all_tables,22112,AccessShareLock,t
1440067753.23328,pg_stat_database,22108,AccessShareLock,t
1440067753.23328,pg_statio_all_indexes,22110,AccessShareLock,t
1440067753.23328,pg_statio_all_tables,22112,AccessShareLock,t
1440067813.23538,lineitem,21733,RowExclusiveLock,t
1440067813.23538,pg_index,22130,AccessShareLock,t
1440067813.23538,pg_index,22132,AccessShareLock,t
1440067813.23538,pg_locks,22131,AccessShareLock,t
1440067813.23538,pg_namespace,22132,AccessShareLock,t
1440067813.23538,pg_namespace,22130,AccessShareLock,t
1440067813.23538,pg_stat_activity,22128,AccessShareLock,t
1440067813.23538,pg_stat_all_indexes,22132,AccessShareLock,t
1440067813.23538,pg_stat_all_tables,22130,AccessShareLock,t
1440067813.23538,pg_stat_database,22129,AccessShareLock,t
1440067813.23538,pg_statio_all_indexes,22132,AccessShareLock,t
1440067813.23538,pg_statio_all_tables,22130,AccessShareLock,t
1440067873.23609,lineitem,21733,RowExclusiveLock,t
1440067873.23609,pg_locks,22141,AccessShareLock,t
1440067873.23609,pg_operator,22142,AccessShareLock,t
1440067873.23609,pg_rewrite,22145,AccessShareLock,t
1440067873.23609,pg_rewrite,22144,AccessShareLock,t
1440067873.23609,pg_rewrite_rel_rulename_index,22145,AccessShareLock,t
1440067873.23609,pg_rewrite_rel_rulename_index,22144,AccessShareLock,t
1440067873.23609,pg_stat_activity,22142,AccessShareLock,t
1440067873.23609,pg_stat_all_indexes,22145,AccessShareLock,t
1440067873.23609,pg_stat_database,22143,AccessShareLock,t
1440067873.23609,pg_statio_all_tables,22144,AccessShareLock,t
1440067933.23818,lineitem,21733,RowExclusiveLock,t
1440067933.23818,pg_locks,22154,AccessShareLock,t
1440067933.23818,pg_stat_activity,22156,AccessShareLock,t
1440067933.23818,pg_stat_database,22155,AccessShareLock,t
1440067993.24093,lineitem,21733,RowExclusiveLock,t
1440067993.24093,pg_index,22168,AccessShareLock,t
1440067993.24093,pg_index,22171,AccessShareLock,t
1440067993.24093,pg_locks,22167,AccessShareLock,t
1440067993.24093,pg_namespace,22171,AccessShareLock,t
1440067993.24093,pg_stat_activity,22170,AccessShareLock,t
1440067993.24093,pg_stat_all_indexes,22171,AccessShareLock,t
1440067993.24093,pg_stat_all_tables,22168,AccessShareLock,t
1440067993.24093,pg_stat_database,22169,AccessShareLock,t
1440067993.24093,pg_statio_all_indexes,22171,AccessShareLock,t
1440067993.24093,pg_statio_all_tables,22168,AccessShareLock,t
1440068053.24303,lineitem,21733,RowExclusiveLock,t
1440068053.24303,pg_amproc,22180,AccessShareLock,t
1440068053.24303,pg_amproc_fam_proc_index,22180,AccessShareLock,t
1440068053.24303,pg_index,22183,AccessShareLock,t
1440068053.24303,pg_locks,22181,AccessShareLock,t
1440068053.24303,pg_stat_activity,22180,AccessShareLock,t
1440068053.24303,pg_stat_all_indexes,22183,AccessShareLock,t
1440068053.24303,pg_stat_all_tables,22184,AccessShareLock,t
1440068053.24303,pg_stat_database,22182,AccessShareLock,t
1440068053.24303,pg_statio_all_indexes,22183,AccessShareLock,t
1440068053.24303,pg_statio_all_tables,22184,AccessShareLock,t
1440068113.24533,lineitem,21733,RowExclusiveLock,t
1440068113.24533,pg_index,22197,AccessShareLock,t
1440068113.24533,pg_locks,22195,AccessShareLock,t
1440068113.24533,pg_stat_all_indexes,22197,AccessShareLock,t
1440068113.24533,pg_stat_all_tables,22196,AccessShareLock,t
1440068113.24533,pg_stat_database,22194,AccessShareLock,t
1440068113.24533,pg_statio_all_indexes,22197,AccessShareLock,t
1440068113.24533,pg_statio_all_tables,22196,AccessShareLock,t
1440068173.24734,lineitem,21733,RowExclusiveLock,t
1440068173.24734,pg_locks,22208,AccessShareLock,t
1440068173.24734,pg_operator,22209,AccessShareLock,t
1440068173.24734,pg_operator_oprname_l_r_n_index,22209,AccessShareLock,t
1440068173.24734,pg_stat_activity,22206,AccessShareLock,t
1440068173.24734,pg_stat_all_indexes,22209,AccessShareLock,t
1440068173.24734,pg_stat_all_tables,22210,AccessShareLock,t
1440068173.24734,pg_stat_database,22207,AccessShareLock,t
1440068173.24734,pg_statio_all_indexes,22209,AccessShareLock,t
1440068173.24734,pg_statio_all_tables,22210,AccessShareLock,t
1440068233.24917,lineitem,21733,ExclusiveLock,t
1440068233.24917,lineitem,21733,RowExclusiveLock,t
1440068233.24917,pg_index,22222,AccessShareLock,t
1440068233.24917,pg_locks,22221,AccessShareLock,t
1440068233.24917,pg_rewrite,22223,AccessShareLock,t
1440068233.24917,pg_rewrite_rel_rulename_index,22223,AccessShareLock,t
1440068233.24917,pg_stat_activity,22219,AccessShareLock,t
1440068233.24917,pg_stat_all_indexes,22222,AccessShareLock,t
1440068233.24917,pg_stat_all_tables,22223,AccessShareLock,t
1440068233.24917,pg_stat_database,22220,AccessShareLock,t
1440068233.24917,pg_statio_all_indexes,22222,AccessShareLock,t
1440068233.24917,pg_statio_all_tables,22223,AccessShareLock,t
1440068293.25116,lineitem,21733,RowExclusiveLock,t
1440068293.25116,pg_locks,22233,AccessShareLock,t
1440068293.25116,pg_rewrite,22235,AccessShareLock,t
1440068293.25116,pg_rewrite_rel_rulename_index,22235,AccessShareLock,t
1440068293.25116,pg_stat_activity,22234,AccessShareLock,t
1440068293.25116,pg_stat_all_indexes,22235,AccessShareLock,t
1440068293.25116,pg_stat_all_tables,22236,AccessShareLock,t
1440068293.25116,pg_stat_database,22237,AccessShareLock,t
1440068293.25116,pg_statio_all_tables,22236,AccessShareLock,t
1440068293.25116,pg_toast_2618,22235,AccessShareLock,t
1440068293.25116,pg_toast_2618_index,22235,AccessShareLock,t
1440068353.25369,lineitem,21733,RowExclusiveLock,t
1440068353.25369,pg_index,22250,AccessShareLock,t
1440068353.25369,pg_locks,22252,AccessShareLock,t
1440068353.25369,pg_namespace,22250,AccessShareLock,t
1440068353.25369,pg_stat_activity,22249,AccessShareLock,t
1440068353.25369,pg_stat_all_indexes,22250,AccessShareLock,t
1440068353.25369,pg_stat_all_tables,22251,AccessShareLock,t
1440068353.25369,pg_stat_database,22248,AccessShareLock,t
1440068353.25369,pg_statio_all_indexes,22250,AccessShareLock,t
1440068353.25369,pg_statio_all_tables,22251,AccessShareLock,t
1440068413.25532,lineitem,21733,RowExclusiveLock,t
1440068413.25532,pg_amproc,22271,AccessShareLock,t
1440068413.25532,pg_amproc_fam_proc_index,22271,AccessShareLock,t
1440068413.25532,pg_index,22272,AccessShareLock,t
1440068413.25532,pg_locks,22270,AccessShareLock,t
1440068413.25532,pg_stat_activity,22271,AccessShareLock,t
1440068413.25532,pg_stat_all_indexes,22272,AccessShareLock,t
1440068413.25532,pg_stat_all_tables,22268,AccessShareLock,t
1440068413.25532,pg_stat_database,22269,AccessShareLock,t
1440068413.25532,pg_statio_all_indexes,22272,AccessShareLock,t
1440068413.25532,pg_statio_all_tables,22268,AccessShareLock,t
1440068473.2582,lineitem,21733,RowExclusiveLock,t
1440068473.2582,pg_index,22305,AccessShareLock,t
1440068473.2582,pg_index,22301,AccessShareLock,t
1440068473.2582,pg_index_indexrelid_index,22301,AccessShareLock,t
1440068473.2582,pg_index_indrelid_index,22301,AccessShareLock,t
1440068473.2582,pg_locks,22304,AccessShareLock,t
1440068473.2582,pg_namespace,22305,AccessShareLock,t
1440068473.2582,pg_namespace,22301,AccessShareLock,t
1440068473.2582,pg_namespace_nspname_index,22301,AccessShareLock,t
1440068473.2582,pg_namespace_oid_index,22301,AccessShareLock,t
1440068473.2582,pg_stat_all_indexes,22301,AccessShareLock,t
1440068473.2582,pg_stat_all_tables,22305,AccessShareLock,t
1440068473.2582,pg_stat_database,22302,AccessShareLock,t
1440068473.2582,pg_statio_all_indexes,22301,AccessShareLock,t
1440068473.2582,pg_statio_all_tables,22305,AccessShareLock,t
1440068533.25905,lineitem,21733,RowExclusiveLock,t
1440068533.25905,pg_locks,22314,AccessShareLock,t
1440068533.25905,pg_stat_activity,22315,AccessShareLock,t
1440068533.25905,pg_stat_all_indexes,22318,AccessShareLock,t
1440068533.25905,pg_stat_all_tables,22317,AccessShareLock,t
1440068533.25905,pg_stat_database,22316,AccessShareLock,t
1440068533.25905,pg_statio_all_indexes,22318,AccessShareLock,t
1440068533.25905,pg_statio_all_tables,22317,AccessShareLock,t
1440068593.26113,lineitem,21733,RowExclusiveLock,t
1440068593.26113,pg_locks,22327,AccessShareLock,t
1440068593.26113,pg_rewrite,22330,AccessShareLock,t
1440068593.26113,pg_rewrite,22331,AccessShareLock,t
1440068593.26113,pg_rewrite_rel_rulename_index,22330,AccessShareLock,t
1440068593.26113,pg_rewrite_rel_rulename_index,22331,AccessShareLock,t
1440068593.26113,pg_stat_activity,22328,AccessShareLock,t
1440068593.26113,pg_stat_all_indexes,22330,AccessShareLock,t
1440068593.26113,pg_stat_all_tables,22331,AccessShareLock,t
1440068593.26113,pg_stat_database,22329,AccessShareLock,t
1440068593.26113,pg_statio_all_indexes,22330,AccessShareLock,t
1440068593.26113,pg_statio_all_tables,22331,AccessShareLock,t
1440068653.26323,lineitem,21733,RowExclusiveLock,t
1440068653.26323,pg_index,22343,AccessShareLock,t
1440068653.26323,pg_index,22345,AccessShareLock,t
1440068653.26323,pg_locks,22341,AccessShareLock,t
1440068653.26323,pg_stat_activity,22344,AccessShareLock,t
1440068653.26323,pg_stat_all_indexes,22345,AccessShareLock,t
1440068653.26323,pg_stat_all_tables,22343,AccessShareLock,t
1440068653.26323,pg_stat_database,22342,AccessShareLock,t
1440068653.26323,pg_statio_all_indexes,22345,AccessShareLock,t
1440068653.26323,pg_statio_all_tables,22343,AccessShareLock,t
1440068713.26523,lineitem,21733,RowExclusiveLock,t
1440068713.26523,pg_index,22356,AccessShareLock,t
1440068713.26523,pg_locks,22354,AccessShareLock,t
1440068713.26523,pg_operator,22355,AccessShareLock,t
1440068713.26523,pg_operator_oid_index,22355,AccessShareLock,t
1440068713.26523,pg_rewrite,22357,AccessShareLock,t
1440068713.26523,pg_rewrite_rel_rulename_index,22357,AccessShareLock,t
1440068713.26523,pg_stat_activity,22355,AccessShareLock,t
1440068713.26523,pg_stat_all_indexes,22357,AccessShareLock,t
1440068713.26523,pg_stat_all_tables,22356,AccessShareLock,t
1440068713.26523,pg_stat_database,22358,AccessShareLock,t
1440068713.26523,pg_statio_all_indexes,22357,AccessShareLock,t
1440068713.26523,pg_statio_all_tables,22356,AccessShareLock,t
1440068773.26725,lineitem,21733,RowExclusiveLock,t
1440068773.26725,pg_index,22370,AccessShareLock,t
1440068773.26725,pg_index,22369,AccessShareLock,t
1440068773.26725,pg_index_indrelid_index,22370,AccessShareLock,t
1440068773.26725,pg_locks,22368,AccessShareLock,t
1440068773.26725,pg_rewrite,22371,AccessShareLock,t
1440068773.26725,pg_rewrite_rel_rulename_index,22371,AccessShareLock,t
1440068773.26725,pg_stat_activity,22367,AccessShareLock,t
1440068773.26725,pg_stat_all_indexes,22371,AccessShareLock,t
1440068773.26725,pg_stat_all_tables,22369,AccessShareLock,t
1440068773.26725,pg_stat_database,22370,AccessShareLock,t
1440068773.26725,pg_statio_all_indexes,22371,AccessShareLock,t
1440068773.26725,pg_statio_all_tables,22369,AccessShareLock,t
1440068833.26981,lineitem,21733,RowExclusiveLock,t
1440068833.26981,pg_amproc,22381,AccessShareLock,t
1440068833.26981,pg_amproc_fam_proc_index,22381,AccessShareLock,t
1440068833.26981,pg_index,22384,AccessShareLock,t
1440068833.26981,pg_index,22382,AccessShareLock,t
1440068833.26981,pg_locks,22380,AccessShareLock,t
1440068833.26981,pg_namespace,22382,AccessShareLock,t
1440068833.26981,pg_stat_activity,22381,AccessShareLock,t
1440068833.26981,pg_stat_all_indexes,22382,AccessShareLock,t
1440068833.26981,pg_stat_all_tables,22384,AccessShareLock,t
1440068833.26981,pg_stat_database,22383,AccessShareLock,t
1440068833.26981,pg_statio_all_indexes,22382,AccessShareLock,t
1440068833.26981,pg_statio_all_tables,22384,AccessShareLock,t
1440068893.27184,lineitem,21733,RowExclusiveLock,t
1440068893.27184,pg_index,22397,AccessShareLock,t
1440068893.27184,pg_index_indexrelid_index,22397,AccessShareLock,t
1440068893.27184,pg_index_indrelid_index,22397,AccessShareLock,t
1440068893.27184,pg_locks,22395,AccessShareLock,t
1440068893.27184,pg_namespace,22397,AccessShareLock,t
1440068893.27184,pg_namespace_nspname_index,22397,AccessShareLock,t
1440068893.27184,pg_namespace_oid_index,22397,AccessShareLock,t
1440068893.27184,pg_stat_all_indexes,22397,AccessShareLock,t
1440068893.27184,pg_stat_all_tables,22396,AccessShareLock,t
1440068893.27184,pg_stat_database,22394,AccessShareLock,t
1440068893.27184,pg_statio_all_indexes,22397,AccessShareLock,t
1440068893.27184,pg_statio_all_tables,22396,AccessShareLock,t
1440068953.27304,lineitem,21733,RowExclusiveLock,t
1440068953.27304,pg_locks,22406,AccessShareLock,t
1440068953.27304,pg_rewrite,22409,AccessShareLock,t
1440068953.27304,pg_rewrite_rel_rulename_index,22409,AccessShareLock,t
1440068953.27304,pg_stat_activity,22407,AccessShareLock,t
1440068953.27304,pg_stat_all_indexes,22409,AccessShareLock,t
1440068953.27304,pg_stat_all_tables,22410,AccessShareLock,t
1440068953.27304,pg_stat_database,22408,AccessShareLock,t
1440068953.27304,pg_statio_all_indexes,22409,AccessShareLock,t
1440068953.27304,pg_statio_all_tables,22410,AccessShareLock,t
1440069013.27587,lineitem,21733,RowExclusiveLock,t
1440069013.27587,pg_index,22430,AccessShareLock,t
1440069013.27587,pg_locks,22427,AccessShareLock,t
1440069013.27587,pg_operator,22429,AccessShareLock,t
1440069013.27587,pg_stat_all_indexes,22430,AccessShareLock,t
1440069013.27587,pg_stat_all_tables,22429,AccessShareLock,t
1440069013.27587,pg_stat_database,22426,AccessShareLock,t
1440069013.27587,pg_statio_all_indexes,22430,AccessShareLock,t
1440069013.27587,pg_statio_all_tables,22429,AccessShareLock,t
1440069073.27635,lineitem,21733,RowExclusiveLock,t
1440069073.27635,lineitem,21733,ExclusiveLock,t
1440069073.27635,pg_locks,22439,AccessShareLock,t
1440069073.27635,pg_rewrite,22443,AccessShareLock,t
1440069073.27635,pg_rewrite_rel_rulename_index,22443,AccessShareLock,t
1440069073.27635,pg_stat_activity,22440,AccessShareLock,t
1440069073.27635,pg_stat_all_indexes,22442,AccessShareLock,t
1440069073.27635,pg_stat_all_tables,22443,AccessShareLock,t
1440069073.27635,pg_stat_database,22441,AccessShareLock,t
1440069073.27635,pg_statio_all_indexes,22442,AccessShareLock,t
1440069073.27635,pg_statio_all_tables,22443,AccessShareLock,t
1440069133.28033,lineitem,21733,ExclusiveLock,t
1440069133.28033,lineitem,21733,RowExclusiveLock,t
1440069133.28033,pg_index,22455,AccessShareLock,t
1440069133.28033,pg_locks,22453,AccessShareLock,t
1440069133.28033,pg_namespace,22455,AccessShareLock,t
1440069133.28033,pg_rewrite,22456,AccessShareLock,t
1440069133.28033,pg_rewrite_rel_rulename_index,22456,AccessShareLock,t
1440069133.28033,pg_stat_activity,22452,AccessShareLock,t
1440069133.28033,pg_stat_all_indexes,22455,AccessShareLock,t
1440069133.28033,pg_stat_all_tables,22456,AccessShareLock,t
1440069133.28033,pg_stat_database,22454,AccessShareLock,t
1440069133.28033,pg_statio_all_indexes,22455,AccessShareLock,t
1440069133.28033,pg_statio_all_tables,22456,AccessShareLock,t
1440069193.28072,lineitem,21733,RowExclusiveLock,t
1440069193.28072,pg_index,22468,AccessShareLock,t
1440069193.28072,pg_locks,22467,AccessShareLock,t
1440069193.28072,pg_stat_activity,22466,AccessShareLock,t
1440069193.28072,pg_stat_all_indexes,22469,AccessShareLock,t
1440069193.28072,pg_stat_all_tables,22468,AccessShareLock,t
1440069193.28072,pg_stat_database,22465,AccessShareLock,t
1440069193.28072,pg_statio_all_indexes,22469,AccessShareLock,t
1440069193.28072,pg_statio_all_tables,22468,AccessShareLock,t
1440069253.28261,lineitem,22481,ShareLock,f
1440069253.28261,lineitem,22485,ShareLock,f
1440069253.28261,lineitem,22483,ShareLock,f
1440069253.28261,lineitem,22482,ShareLock,f
1440069253.28261,lineitem,22480,ShareLock,f
1440069253.28261,lineitem,22484,ShareLock,f
1440069253.28261,lineitem,22486,ShareLock,f
1440069253.28261,lineitem,22479,AccessExclusiveLock,t
1440069253.28261,lineitem,22479,ShareLock,t
1440069253.28261,pg_locks,22495,AccessShareLock,t
1440069253.28261,pg_operator,22499,AccessShareLock,t
1440069253.28261,pg_operator_oid_index,22499,AccessShareLock,t
1440069253.28261,pg_stat_activity,22496,AccessShareLock,t
1440069253.28261,pg_stat_all_indexes,22499,AccessShareLock,t
1440069253.28261,pg_stat_all_tables,22498,AccessShareLock,t
1440069253.28261,pg_stat_database,22497,AccessShareLock,t
1440069253.28261,pg_statio_all_indexes,22499,AccessShareLock,t
1440069253.28261,pg_statio_all_tables,22498,AccessShareLock,t
1440069313.28509,lineitem,22479,AccessExclusiveLock,t
1440069313.28509,lineitem,22483,ShareLock,f
1440069313.28509,lineitem,22485,ShareLock,f
1440069313.28509,lineitem,22479,ShareLock,t
1440069313.28509,lineitem,22481,ShareLock,f
1440069313.28509,lineitem,22482,ShareLock,f
1440069313.28509,lineitem,22480,ShareLock,f
1440069313.28509,lineitem,22484,ShareLock,f
1440069313.28509,lineitem,22486,ShareLock,f
1440069313.28509,pg_locks,22508,AccessShareLock,t
1440069313.28509,pg_rewrite,22512,AccessShareLock,t
1440069313.28509,pg_rewrite_rel_rulename_index,22512,AccessShareLock,t
1440069313.28509,pg_stat_activity,22509,AccessShareLock,t
1440069313.28509,pg_stat_all_indexes,22512,AccessShareLock,t
1440069313.28509,pg_stat_all_tables,22511,AccessShareLock,t
1440069313.28509,pg_stat_database,22510,AccessShareLock,t
1440069313.28509,pg_statio_all_indexes,22512,AccessShareLock,t
1440069313.28509,pg_statio_all_tables,22511,AccessShareLock,t
1440069313.28509,pg_statistic,22510,AccessShareLock,t
1440069313.28509,pg_statistic_relid_att_inh_index,22510,AccessShareLock,t
1440069373.28715,lineitem,22485,ShareLock,f
1440069373.28715,lineitem,22483,ShareLock,f
1440069373.28715,lineitem,22482,ShareLock,f
1440069373.28715,lineitem,22480,ShareLock,f
1440069373.28715,lineitem,22484,ShareLock,f
1440069373.28715,lineitem,22486,ShareLock,f
1440069373.28715,lineitem,22479,AccessExclusiveLock,t
1440069373.28715,lineitem,22479,ShareLock,t
1440069373.28715,lineitem,22481,ShareLock,f
1440069373.28715,pg_index,22527,AccessShareLock,t
1440069373.28715,pg_locks,22525,AccessShareLock,t
1440069373.28715,pg_stat_activity,22523,AccessShareLock,t
1440069373.28715,pg_stat_all_indexes,22527,AccessShareLock,t
1440069373.28715,pg_stat_all_tables,22526,AccessShareLock,t
1440069373.28715,pg_stat_database,22524,AccessShareLock,t
1440069373.28715,pg_statio_all_indexes,22527,AccessShareLock,t
1440069373.28715,pg_statio_all_tables,22526,AccessShareLock,t
1440069433.29027,lineitem,22479,ShareLock,t
1440069433.29027,lineitem,22486,ShareLock,f
1440069433.29027,lineitem,22479,AccessExclusiveLock,t
1440069433.29027,lineitem,22481,ShareLock,f
1440069433.29027,lineitem,22483,ShareLock,f
1440069433.29027,lineitem,22485,ShareLock,f
1440069433.29027,lineitem,22482,ShareLock,f
1440069433.29027,lineitem,22480,ShareLock,f
1440069433.29027,lineitem,22484,ShareLock,f
1440069433.29027,pg_index,22539,AccessShareLock,t
1440069433.29027,pg_index,22540,AccessShareLock,t
1440069433.29027,pg_index_indexrelid_index,22539,AccessShareLock,t
1440069433.29027,pg_index_indrelid_index,22539,AccessShareLock,t
1440069433.29027,pg_locks,22538,AccessShareLock,t
1440069433.29027,pg_namespace,22539,AccessShareLock,t
1440069433.29027,pg_namespace,22540,AccessShareLock,t
1440069433.29027,pg_namespace_nspname_index,22539,AccessShareLock,t
1440069433.29027,pg_namespace_oid_index,22539,AccessShareLock,t
1440069433.29027,pg_stat_all_indexes,22539,AccessShareLock,t
1440069433.29027,pg_stat_all_tables,22540,AccessShareLock,t
1440069433.29027,pg_stat_database,22536,AccessShareLock,t
1440069433.29027,pg_statio_all_indexes,22539,AccessShareLock,t
1440069433.29027,pg_statio_all_tables,22540,AccessShareLock,t
1440069493.2911,lineitem,22481,ShareLock,f
1440069493.2911,lineitem,22483,ShareLock,f
1440069493.2911,lineitem,22485,ShareLock,f
1440069493.2911,lineitem,22482,ShareLock,f
1440069493.2911,lineitem,22480,ShareLock,f
1440069493.2911,lineitem,22484,ShareLock,f
1440069493.2911,lineitem,22486,ShareLock,f
1440069493.2911,lineitem,22479,AccessExclusiveLock,t
1440069493.2911,lineitem,22479,ShareLock,t
1440069493.2911,pg_cast,22550,AccessShareLock,t
1440069493.2911,pg_cast_source_target_index,22550,AccessShareLock,t
1440069493.2911,pg_locks,22549,AccessShareLock,t
1440069493.2911,pg_opclass,22553,AccessShareLock,t
1440069493.2911,pg_opclass,22551,AccessShareLock,t
1440069493.2911,pg_opclass_oid_index,22551,AccessShareLock,t
1440069493.2911,pg_stat_database,22550,AccessShareLock,t
1440069553.29284,lineitem,22481,ShareLock,f
1440069553.29284,lineitem,22483,ShareLock,f
1440069553.29284,lineitem,22485,ShareLock,f
1440069553.29284,lineitem,22482,ShareLock,f
1440069553.29284,lineitem,22480,ShareLock,f
1440069553.29284,lineitem,22484,ShareLock,f
1440069553.29284,lineitem,22486,ShareLock,f
1440069553.29284,lineitem,22479,AccessExclusiveLock,t
1440069553.29284,lineitem,22479,ShareLock,t
1440069553.29284,pg_cast,22564,AccessShareLock,t
1440069553.29284,pg_cast_source_target_index,22564,AccessShareLock,t
1440069553.29284,pg_index,22565,AccessShareLock,t
1440069553.29284,pg_locks,22563,AccessShareLock,t
1440069553.29284,pg_stat_activity,22562,AccessShareLock,t
1440069553.29284,pg_stat_all_indexes,22565,AccessShareLock,t
1440069553.29284,pg_stat_all_tables,22564,AccessShareLock,t
1440069553.29284,pg_stat_database,22566,AccessShareLock,t
1440069553.29284,pg_statio_all_indexes,22565,AccessShareLock,t
1440069553.29284,pg_statio_all_tables,22564,AccessShareLock,t
1440069613.29479,lineitem,22485,ShareLock,f
1440069613.29479,lineitem,22483,ShareLock,f
1440069613.29479,lineitem,22482,ShareLock,f
1440069613.29479,lineitem,22480,ShareLock,f
1440069613.29479,lineitem,22484,ShareLock,f
1440069613.29479,lineitem,22486,ShareLock,f
1440069613.29479,lineitem,22479,AccessExclusiveLock,t
1440069613.29479,lineitem,22479,ShareLock,t
1440069613.29479,lineitem,22481,ShareLock,f
1440069613.29479,pg_index,22586,AccessShareLock,t
1440069613.29479,pg_locks,22582,AccessShareLock,t
1440069613.29479,pg_stat_activity,22584,AccessShareLock,t
1440069613.29479,pg_stat_all_indexes,22586,AccessShareLock,t
1440069613.29479,pg_stat_all_tables,22583,AccessShareLock,t
1440069613.29479,pg_stat_database,22585,AccessShareLock,t
1440069613.29479,pg_statio_all_indexes,22586,AccessShareLock,t
1440069613.29479,pg_statio_all_tables,22583,AccessShareLock,t
1440069673.29735,lineitem,22485,ShareLock,f
1440069673.29735,lineitem,22483,ShareLock,f
1440069673.29735,lineitem,22482,ShareLock,f
1440069673.29735,lineitem,22480,ShareLock,f
1440069673.29735,lineitem,22484,ShareLock,f
1440069673.29735,lineitem,22486,ShareLock,f
1440069673.29735,lineitem,22479,AccessExclusiveLock,t
1440069673.29735,lineitem,22479,ShareLock,t
1440069673.29735,lineitem,22481,ShareLock,f
1440069673.29735,pg_locks,22597,AccessShareLock,t
1440069673.29735,pg_rewrite,22598,AccessShareLock,t
1440069673.29735,pg_rewrite_rel_rulename_index,22598,AccessShareLock,t
1440069673.29735,pg_stat_activity,22596,AccessShareLock,t
1440069673.29735,pg_stat_all_indexes,22599,AccessShareLock,t
1440069673.29735,pg_stat_database,22595,AccessShareLock,t
1440069673.29735,pg_statio_all_indexes,22599,AccessShareLock,t
1440069673.29735,pg_statio_all_tables,22598,AccessShareLock,t
1440069733.29948,lineitem,22483,ShareLock,f
1440069733.29948,lineitem,22481,ShareLock,f
1440069733.29948,lineitem,22485,ShareLock,f
1440069733.29948,lineitem,22482,ShareLock,f
1440069733.29948,lineitem,22480,ShareLock,f
1440069733.29948,lineitem,22484,ShareLock,f
1440069733.29948,lineitem,22486,ShareLock,f
1440069733.29948,lineitem,22479,AccessExclusiveLock,t
1440069733.29948,lineitem,22479,ShareLock,t
1440069733.29948,pg_index,22613,AccessShareLock,t
1440069733.29948,pg_index,22614,AccessShareLock,t
1440069733.29948,pg_locks,22611,AccessShareLock,t
1440069733.29948,pg_namespace,22613,AccessShareLock,t
1440069733.29948,pg_namespace,22614,AccessShareLock,t
1440069733.29948,pg_stat_all_indexes,22614,AccessShareLock,t
1440069733.29948,pg_stat_all_tables,22613,AccessShareLock,t
1440069733.29948,pg_stat_database,22612,AccessShareLock,t
1440069733.29948,pg_statio_all_indexes,22614,AccessShareLock,t
1440069733.29948,pg_statio_all_tables,22613,AccessShareLock,t
1440069793.30205,lineitem,22485,ShareLock,f
1440069793.30205,lineitem,22483,ShareLock,f
1440069793.30205,lineitem,22482,ShareLock,f
1440069793.30205,lineitem,22480,ShareLock,f
1440069793.30205,lineitem,22484,ShareLock,f
1440069793.30205,lineitem,22486,ShareLock,f
1440069793.30205,lineitem,22479,AccessExclusiveLock,t
1440069793.30205,lineitem,22479,ShareLock,t
1440069793.30205,lineitem,22481,ShareLock,f
1440069793.30205,pg_index,22624,AccessShareLock,t
1440069793.30205,pg_locks,22626,AccessShareLock,t
1440069793.30205,pg_namespace,22624,AccessShareLock,t
1440069793.30205,pg_stat_all_indexes,22624,AccessShareLock,t
1440069793.30205,pg_stat_all_tables,22627,AccessShareLock,t
1440069793.30205,pg_stat_database,22625,AccessShareLock,t
1440069793.30205,pg_statio_all_indexes,22624,AccessShareLock,t
1440069793.30205,pg_statio_all_tables,22627,AccessShareLock,t
1440069853.30338,lineitem,22481,ShareLock,f
1440069853.30338,lineitem,22483,ShareLock,f
1440069853.30338,lineitem,22485,ShareLock,f
1440069853.30338,lineitem,22482,ShareLock,f
1440069853.30338,lineitem,22480,ShareLock,f
1440069853.30338,lineitem,22484,ShareLock,f
1440069853.30338,lineitem,22486,ShareLock,f
1440069853.30338,lineitem,22479,AccessExclusiveLock,t
1440069853.30338,lineitem,22479,ShareLock,t
1440069853.30338,pg_index,22640,AccessShareLock,t
1440069853.30338,pg_index_indrelid_index,22640,AccessShareLock,t
1440069853.30338,pg_locks,22636,AccessShareLock,t
1440069853.30338,pg_stat_activity,22640,AccessShareLock,t
1440069853.30338,pg_stat_all_indexes,22639,AccessShareLock,t
1440069853.30338,pg_stat_all_tables,22638,AccessShareLock,t
1440069853.30338,pg_stat_database,22637,AccessShareLock,t
1440069853.30338,pg_statio_all_indexes,22639,AccessShareLock,t
1440069853.30338,pg_statio_all_tables,22638,AccessShareLock,t
1440069913.30593,lineitem,22485,ShareLock,f
1440069913.30593,lineitem,22483,ShareLock,f
1440069913.30593,lineitem,22482,ShareLock,f
1440069913.30593,lineitem,22480,ShareLock,f
1440069913.30593,lineitem,22484,ShareLock,f
1440069913.30593,lineitem,22486,ShareLock,f
1440069913.30593,lineitem,22479,AccessExclusiveLock,t
1440069913.30593,lineitem,22479,ShareLock,t
1440069913.30593,lineitem,22481,ShareLock,f
1440069913.30593,pg_index,22652,AccessShareLock,t
1440069913.30593,pg_index,22651,AccessShareLock,t
1440069913.30593,pg_locks,22650,AccessShareLock,t
1440069913.30593,pg_stat_activity,22649,AccessShareLock,t
1440069913.30593,pg_stat_all_indexes,22651,AccessShareLock,t
1440069913.30593,pg_stat_all_tables,22652,AccessShareLock,t
1440069913.30593,pg_stat_database,22653,AccessShareLock,t
1440069913.30593,pg_statio_all_indexes,22651,AccessShareLock,t
1440069913.30593,pg_statio_all_tables,22652,AccessShareLock,t
1440069973.30749,lineitem,22485,ShareLock,f
1440069973.30749,lineitem,22483,ShareLock,f
1440069973.30749,lineitem,22482,ShareLock,f
1440069973.30749,lineitem,22480,ShareLock,f
1440069973.30749,lineitem,22484,ShareLock,f
1440069973.30749,lineitem,22486,ShareLock,f
1440069973.30749,lineitem,22479,AccessExclusiveLock,t
1440069973.30749,lineitem,22479,ShareLock,t
1440069973.30749,lineitem,22481,ShareLock,f
1440069973.30749,pg_locks,22663,AccessShareLock,t
1440069973.30749,pg_rewrite,22665,AccessShareLock,t
1440069973.30749,pg_rewrite_rel_rulename_index,22665,AccessShareLock,t
1440069973.30749,pg_stat_activity,22662,AccessShareLock,t
1440069973.30749,pg_stat_database,22664,AccessShareLock,t
1440069973.30749,pg_statio_all_tables,22665,AccessShareLock,t
1440070033.31005,lineitem,22483,ShareLock,f
1440070033.31005,lineitem,22481,ShareLock,f
1440070033.31005,lineitem,22485,ShareLock,f
1440070033.31005,lineitem,22482,ShareLock,f
1440070033.31005,lineitem,22480,ShareLock,f
1440070033.31005,lineitem,22484,ShareLock,f
1440070033.31005,lineitem,22486,ShareLock,f
1440070033.31005,lineitem,22479,AccessExclusiveLock,t
1440070033.31005,lineitem,22479,ShareLock,t
1440070033.31005,pg_index,22678,AccessShareLock,t
1440070033.31005,pg_index,22677,AccessShareLock,t
1440070033.31005,pg_locks,22676,AccessShareLock,t
1440070033.31005,pg_namespace,22677,AccessShareLock,t
1440070033.31005,pg_namespace,22678,AccessShareLock,t
1440070033.31005,pg_stat_activity,22675,AccessShareLock,t
1440070033.31005,pg_stat_all_indexes,22678,AccessShareLock,t
1440070033.31005,pg_stat_all_tables,22677,AccessShareLock,t
1440070033.31005,pg_stat_database,22679,AccessShareLock,t
1440070033.31005,pg_statio_all_indexes,22678,AccessShareLock,t
1440070033.31005,pg_statio_all_tables,22677,AccessShareLock,t
1440070093.31218,lineitem,22485,ShareLock,t
1440070093.31218,lineitem,22481,ShareLock,t
1440070093.31218,lineitem,22483,ShareLock,t
1440070093.31218,lineitem,22482,ShareLock,t
1440070093.31218,lineitem,22480,ShareLock,t
1440070093.31218,lineitem,22484,ShareLock,t
1440070093.31218,lineitem,22486,ShareLock,t
1440070093.31218,pg_index,22711,AccessShareLock,t
1440070093.31218,pg_locks,22712,AccessShareLock,t
1440070093.31218,pg_operator,22714,AccessShareLock,t
1440070093.31218,pg_operator_oprname_l_r_n_index,22714,AccessShareLock,t
1440070093.31218,pg_stat_activity,22710,AccessShareLock,t
1440070093.31218,pg_stat_all_indexes,22711,AccessShareLock,t
1440070093.31218,pg_stat_all_tables,22714,AccessShareLock,t
1440070093.31218,pg_stat_database,22713,AccessShareLock,t
1440070093.31218,pg_statio_all_indexes,22711,AccessShareLock,t
1440070093.31218,pg_statio_all_tables,22714,AccessShareLock,t
1440070153.31363,lineitem,22484,ShareLock,t
1440070153.31363,lineitem,22486,ShareLock,t
1440070153.31363,lineitem,22483,ShareLock,t
1440070153.31363,lineitem,22485,ShareLock,t
1440070153.31363,lineitem,22481,ShareLock,t
1440070153.31363,lineitem,22482,ShareLock,t
1440070153.31363,lineitem,22480,ShareLock,t
1440070153.31363,pg_amproc,22734,AccessShareLock,t
1440070153.31363,pg_amproc_fam_proc_index,22734,AccessShareLock,t
1440070153.31363,pg_locks,22733,AccessShareLock,t
1440070153.31363,pg_rewrite,22736,AccessShareLock,t
1440070153.31363,pg_rewrite,22737,AccessShareLock,t
1440070153.31363,pg_rewrite_rel_rulename_index,22737,AccessShareLock,t
1440070153.31363,pg_rewrite_rel_rulename_index,22736,AccessShareLock,t
1440070153.31363,pg_stat_activity,22734,AccessShareLock,t
1440070153.31363,pg_stat_all_indexes,22736,AccessShareLock,t
1440070153.31363,pg_stat_all_tables,22737,AccessShareLock,t
1440070153.31363,pg_stat_database,22735,AccessShareLock,t
1440070153.31363,pg_statio_all_indexes,22736,AccessShareLock,t
1440070153.31363,pg_statio_all_tables,22737,AccessShareLock,t
1440070213.31839,lineitem,22481,ShareLock,t
1440070213.31839,lineitem,22483,ShareLock,t
1440070213.31839,lineitem,22485,ShareLock,t
1440070213.31839,lineitem,22482,ShareLock,t
1440070213.31839,lineitem,22480,ShareLock,t
1440070213.31839,lineitem,22484,ShareLock,t
1440070213.31839,lineitem,22486,ShareLock,t
1440070213.31839,pg_index,22757,AccessShareLock,t
1440070213.31839,pg_index,22756,AccessShareLock,t
1440070213.31839,pg_locks,22759,AccessShareLock,t
1440070213.31839,pg_namespace,22756,AccessShareLock,t
1440070213.31839,pg_namespace,22757,AccessShareLock,t
1440070213.31839,pg_operator,22756,AccessShareLock,t
1440070213.31839,pg_operator_oid_index,22756,AccessShareLock,t
1440070213.31839,pg_stat_activity,22758,AccessShareLock,t
1440070213.31839,pg_stat_all_indexes,22756,AccessShareLock,t
1440070213.31839,pg_stat_all_tables,22757,AccessShareLock,t
1440070213.31839,pg_stat_database,22760,AccessShareLock,t
1440070213.31839,pg_statio_all_indexes,22756,AccessShareLock,t
1440070213.31839,pg_statio_all_tables,22757,AccessShareLock,t
1440070273.31775,lineitem,22486,ShareLock,t
1440070273.31775,lineitem,22481,ShareLock,t
1440070273.31775,lineitem,22483,ShareLock,t
1440070273.31775,lineitem,22485,ShareLock,t
1440070273.31775,lineitem,22482,ShareLock,t
1440070273.31775,lineitem,22480,ShareLock,t
1440070273.31775,lineitem,22484,ShareLock,t
1440070273.31775,pg_amop,22772,AccessShareLock,t
1440070273.31775,pg_amop_opr_fam_index,22772,AccessShareLock,t
1440070273.31775,pg_locks,22769,AccessShareLock,t
1440070273.31775,pg_rewrite,22773,AccessShareLock,t
1440070273.31775,pg_rewrite_rel_rulename_index,22773,AccessShareLock,t
1440070273.31775,pg_stat_activity,22772,AccessShareLock,t
1440070273.31775,pg_stat_all_indexes,22773,AccessShareLock,t
1440070273.31775,pg_stat_all_tables,22770,AccessShareLock,t
1440070273.31775,pg_stat_database,22771,AccessShareLock,t
1440070273.31775,pg_statio_all_indexes,22773,AccessShareLock,t
1440070273.31775,pg_statio_all_tables,22770,AccessShareLock,t
1440070333.31955,lineitem,22481,ShareLock,t
1440070333.31955,lineitem,22483,ShareLock,t
1440070333.31955,lineitem,22480,ShareLock,t
1440070333.31955,lineitem,22484,ShareLock,t
1440070333.31955,lineitem,22486,ShareLock,t
1440070333.31955,pg_index,22786,AccessShareLock,t
1440070333.31955,pg_locks,22783,AccessShareLock,t
1440070333.31955,pg_stat_all_indexes,22785,AccessShareLock,t
1440070333.31955,pg_stat_all_tables,22786,AccessShareLock,t
1440070333.31955,pg_stat_database,22784,AccessShareLock,t
1440070333.31955,pg_statio_all_indexes,22785,AccessShareLock,t
1440070333.31955,pg_statio_all_tables,22786,AccessShareLock,t
1440070393.323,lineitem,22484,ShareLock,t
1440070393.323,lineitem,22481,ShareLock,t
1440070393.323,lineitem,22480,ShareLock,t
1440070393.323,lineitem,22486,ShareLock,t
1440070393.323,lineitem,22483,ShareLock,t
1440070393.323,pg_index,22796,AccessShareLock,t
1440070393.323,pg_index,22797,AccessShareLock,t
1440070393.323,pg_index_indexrelid_index,22796,AccessShareLock,t
1440070393.323,pg_index_indrelid_index,22796,AccessShareLock,t
1440070393.323,pg_locks,22799,AccessShareLock,t
1440070393.323,pg_namespace,22796,AccessShareLock,t
1440070393.323,pg_namespace_nspname_index,22796,AccessShareLock,t
1440070393.323,pg_namespace_oid_index,22796,AccessShareLock,t
1440070393.323,pg_stat_all_indexes,22796,AccessShareLock,t
1440070393.323,pg_stat_all_tables,22797,AccessShareLock,t
1440070393.323,pg_stat_database,22798,AccessShareLock,t
1440070393.323,pg_statio_all_indexes,22796,AccessShareLock,t
1440070393.323,pg_statio_all_tables,22797,AccessShareLock,t
1440070453.32346,lineitem,22483,ShareLock,t
1440070453.32346,lineitem,22480,ShareLock,t
1440070453.32346,lineitem,22484,ShareLock,t
1440070453.32346,lineitem,22486,ShareLock,t
1440070453.32346,lineitem,22481,ShareLock,t
1440070453.32346,pg_locks,22808,AccessShareLock,t
1440070453.32346,pg_stat_activity,22811,AccessShareLock,t
1440070453.32346,pg_stat_all_indexes,22810,AccessShareLock,t
1440070453.32346,pg_stat_database,22812,AccessShareLock,t
1440070453.32346,pg_statio_all_indexes,22810,AccessShareLock,t
1440070453.32346,pg_statio_all_tables,22809,AccessShareLock,t
1440070513.32572,lineitem,22481,ShareLock,t
1440070513.32572,lineitem,22483,ShareLock,t
1440070513.32572,lineitem,22480,ShareLock,t
1440070513.32572,lineitem,22484,ShareLock,t
1440070513.32572,lineitem,22486,ShareLock,t
1440070513.32572,pg_index,22823,AccessShareLock,t
1440070513.32572,pg_index,22825,AccessShareLock,t
1440070513.32572,pg_locks,22824,AccessShareLock,t
1440070513.32572,pg_namespace,22823,AccessShareLock,t
1440070513.32572,pg_namespace,22825,AccessShareLock,t
1440070513.32572,pg_stat_all_indexes,22825,AccessShareLock,t
1440070513.32572,pg_stat_all_tables,22823,AccessShareLock,t
1440070513.32572,pg_stat_database,22821,AccessShareLock,t
1440070513.32572,pg_statio_all_indexes,22825,AccessShareLock,t
1440070513.32572,pg_statio_all_tables,22823,AccessShareLock,t
1440070573.32785,lineitem,22481,ShareLock,t
1440070573.32785,lineitem,22483,ShareLock,t
1440070573.32785,lineitem,22480,ShareLock,t
1440070573.32785,lineitem,22484,ShareLock,t
1440070573.32785,lineitem,22486,ShareLock,t
1440070573.32785,pg_locks,22835,AccessShareLock,t
1440070573.32785,pg_stat_activity,22836,AccessShareLock,t
1440070573.32785,pg_stat_all_indexes,22839,AccessShareLock,t
1440070573.32785,pg_stat_all_tables,22837,AccessShareLock,t
1440070573.32785,pg_stat_database,22838,AccessShareLock,t
1440070573.32785,pg_statio_all_indexes,22839,AccessShareLock,t
1440070573.32785,pg_statio_all_tables,22837,AccessShareLock,t
1440070633.33014,lineitem,22481,ShareLock,t
1440070633.33014,lineitem,22483,ShareLock,t
1440070633.33014,lineitem,22480,ShareLock,t
1440070633.33014,lineitem,22484,ShareLock,t
1440070633.33014,lineitem,22486,ShareLock,t
1440070633.33014,pg_index,22851,AccessShareLock,t
1440070633.33014,pg_index,22852,AccessShareLock,t
1440070633.33014,pg_locks,22850,AccessShareLock,t
1440070633.33014,pg_namespace,22851,AccessShareLock,t
1440070633.33014,pg_namespace,22852,AccessShareLock,t
1440070633.33014,pg_stat_all_indexes,22852,AccessShareLock,t
1440070633.33014,pg_stat_all_tables,22851,AccessShareLock,t
1440070633.33014,pg_stat_database,22848,AccessShareLock,t
1440070633.33014,pg_statio_all_indexes,22852,AccessShareLock,t
1440070633.33014,pg_statio_all_tables,22851,AccessShareLock,t
1440070693.33169,lineitem,22481,ShareLock,t
1440070693.33169,lineitem,22483,ShareLock,t
1440070693.33169,lineitem,22480,ShareLock,t
1440070693.33169,lineitem,22484,ShareLock,t
1440070693.33169,lineitem,22486,ShareLock,t
1440070693.33169,pg_locks,22862,AccessShareLock,t
1440070693.33169,pg_operator,22864,AccessShareLock,t
1440070693.33169,pg_operator_oid_index,22864,AccessShareLock,t
1440070693.33169,pg_stat_activity,22861,AccessShareLock,t
1440070693.33169,pg_stat_all_indexes,22864,AccessShareLock,t
1440070693.33169,pg_stat_all_tables,22865,AccessShareLock,t
1440070693.33169,pg_stat_database,22863,AccessShareLock,t
1440070693.33169,pg_statio_all_indexes,22864,AccessShareLock,t
1440070693.33169,pg_statio_all_tables,22865,AccessShareLock,t
1440070753.33433,lineitem,22480,ShareLock,t
1440070753.33433,lineitem,22484,ShareLock,t
1440070753.33433,lineitem,22486,ShareLock,t
1440070753.33433,lineitem,22481,ShareLock,t
1440070753.33433,pg_index,22877,AccessShareLock,t
1440070753.33433,pg_locks,22879,AccessShareLock,t
1440070753.33433,pg_namespace,22877,AccessShareLock,t
1440070753.33433,pg_stat_all_indexes,22877,AccessShareLock,t
1440070753.33433,pg_stat_all_tables,22878,AccessShareLock,t
1440070753.33433,pg_stat_database,22880,AccessShareLock,t
1440070753.33433,pg_statio_all_indexes,22877,AccessShareLock,t
1440070753.33433,pg_statio_all_tables,22878,AccessShareLock,t
1440070813.33582,lineitem,22484,ShareLock,t
1440070813.33582,lineitem,22480,ShareLock,t
1440070813.33582,lineitem,22486,ShareLock,t
1440070813.33582,lineitem,22481,ShareLock,t
1440070813.33582,pg_index,22900,AccessShareLock,t
1440070813.33582,pg_index,22898,AccessShareLock,t
1440070813.33582,pg_locks,22897,AccessShareLock,t
1440070813.33582,pg_namespace,22900,AccessShareLock,t
1440070813.33582,pg_stat_activity,22896,AccessShareLock,t
1440070813.33582,pg_stat_all_indexes,22900,AccessShareLock,t
1440070813.33582,pg_stat_all_tables,22898,AccessShareLock,t
1440070813.33582,pg_stat_database,22899,AccessShareLock,t
1440070813.33582,pg_statio_all_indexes,22900,AccessShareLock,t
1440070813.33582,pg_statio_all_tables,22898,AccessShareLock,t
1440070873.33734,lineitem,22484,ShareLock,t
1440070873.33734,lineitem,22480,ShareLock,t
1440070873.33734,lineitem,22486,ShareLock,t
1440070873.33734,pg_locks,22909,AccessShareLock,t
1440070873.33734,pg_stat_activity,22910,AccessShareLock,t
1440070873.33734,pg_stat_all_indexes,22913,AccessShareLock,t
1440070873.33734,pg_stat_all_tables,22911,AccessShareLock,t
1440070873.33734,pg_stat_database,22912,AccessShareLock,t
1440070873.33734,pg_statio_all_indexes,22913,AccessShareLock,t
1440070873.33734,pg_statio_all_tables,22911,AccessShareLock,t
1440070933.33991,lineitem,22480,ShareLock,t
1440070933.33991,lineitem,22484,ShareLock,t
1440070933.33991,pg_amproc,22925,AccessShareLock,t
1440070933.33991,pg_amproc_fam_proc_index,22925,AccessShareLock,t
1440070933.33991,pg_index,22927,AccessShareLock,t
1440070933.33991,pg_locks,22926,AccessShareLock,t
1440070933.33991,pg_operator,22924,AccessShareLock,t
1440070933.33991,pg_operator_oprname_l_r_n_index,22924,AccessShareLock,t
1440070933.33991,pg_stat_activity,22925,AccessShareLock,t
1440070933.33991,pg_stat_all_indexes,22927,AccessShareLock,t
1440070933.33991,pg_stat_all_tables,22924,AccessShareLock,t
1440070933.33991,pg_stat_database,22923,AccessShareLock,t
1440070933.33991,pg_statio_all_indexes,22927,AccessShareLock,t
1440070933.33991,pg_statio_all_tables,22924,AccessShareLock,t
1440070993.34239,lineitem,22484,ShareLock,t
1440070993.34239,lineitem,22480,ShareLock,t
1440070993.34239,pg_index,22937,AccessShareLock,t
1440070993.34239,pg_index,22940,AccessShareLock,t
1440070993.34239,pg_index_indexrelid_index,22937,AccessShareLock,t
1440070993.34239,pg_index_indrelid_index,22937,AccessShareLock,t
1440070993.34239,pg_locks,22939,AccessShareLock,t
1440070993.34239,pg_namespace,22937,AccessShareLock,t
1440070993.34239,pg_namespace_nspname_index,22937,AccessShareLock,t
1440070993.34239,pg_namespace_oid_index,22937,AccessShareLock,t
1440070993.34239,pg_stat_activity,22936,AccessShareLock,t
1440070993.34239,pg_stat_all_indexes,22937,AccessShareLock,t
1440070993.34239,pg_stat_all_tables,22940,AccessShareLock,t
1440070993.34239,pg_stat_database,22938,AccessShareLock,t
1440070993.34239,pg_statio_all_indexes,22937,AccessShareLock,t
1440070993.34239,pg_statio_all_tables,22940,AccessShareLock,t
1440071053.34377,lineitem,22480,ShareLock,t
1440071053.34377,lineitem,22484,ShareLock,t
1440071053.34377,pg_cast,22952,AccessShareLock,t
1440071053.34377,pg_cast_source_target_index,22952,AccessShareLock,t
1440071053.34377,pg_locks,22951,AccessShareLock,t
1440071053.34377,pg_rewrite,22953,AccessShareLock,t
1440071053.34377,pg_rewrite_rel_rulename_index,22953,AccessShareLock,t
1440071053.34377,pg_stat_activity,22950,AccessShareLock,t
1440071053.34377,pg_stat_all_indexes,22952,AccessShareLock,t
1440071053.34377,pg_stat_all_tables,22953,AccessShareLock,t
1440071053.34377,pg_stat_database,22949,AccessShareLock,t
1440071053.34377,pg_statio_all_indexes,22952,AccessShareLock,t
1440071053.34377,pg_statio_all_tables,22953,AccessShareLock,t
1440071113.34558,lineitem,22484,ShareLock,t
1440071113.34558,lineitem,22480,ShareLock,t
1440071113.34558,pg_locks,22964,AccessShareLock,t
1440071113.34558,pg_rewrite,22963,AccessShareLock,t
1440071113.34558,pg_rewrite,22966,AccessShareLock,t
1440071113.34558,pg_rewrite_rel_rulename_index,22963,AccessShareLock,t
1440071113.34558,pg_rewrite_rel_rulename_index,22966,AccessShareLock,t
1440071113.34558,pg_stat_activity,22965,AccessShareLock,t
1440071113.34558,pg_stat_all_indexes,22966,AccessShareLock,t
1440071113.34558,pg_stat_all_tables,22963,AccessShareLock,t
1440071113.34558,pg_stat_database,22962,AccessShareLock,t
1440071113.34558,pg_statio_all_indexes,22966,AccessShareLock,t
1440071113.34558,pg_statio_all_tables,22963,AccessShareLock,t
1440071173.34734,lineitem,22480,ShareLock,t
1440071173.34734,lineitem,22484,ShareLock,t
1440071173.34734,pg_index,22979,AccessShareLock,t
1440071173.34734,pg_locks,22975,AccessShareLock,t
1440071173.34734,pg_namespace,22979,AccessShareLock,t
1440071173.34734,pg_rewrite,22978,AccessShareLock,t
1440071173.34734,pg_rewrite_rel_rulename_index,22978,AccessShareLock,t
1440071173.34734,pg_stat_activity,22977,AccessShareLock,t
1440071173.34734,pg_stat_all_indexes,22979,AccessShareLock,t
1440071173.34734,pg_stat_all_tables,22978,AccessShareLock,t
1440071173.34734,pg_stat_database,22976,AccessShareLock,t
1440071173.34734,pg_statio_all_indexes,22979,AccessShareLock,t
1440071173.34734,pg_statio_all_tables,22978,AccessShareLock,t
1440071233.34974,lineitem,22480,ShareLock,t
1440071233.34974,lineitem,22484,ShareLock,t
1440071233.34974,pg_cast,22992,AccessShareLock,t
1440071233.34974,pg_cast_source_target_index,22992,AccessShareLock,t
1440071233.34974,pg_locks,22990,AccessShareLock,t
1440071233.34974,pg_rewrite,22991,AccessShareLock,t
1440071233.34974,pg_rewrite_rel_rulename_index,22991,AccessShareLock,t
1440071233.34974,pg_stat_activity,22988,AccessShareLock,t
1440071233.34974,pg_stat_all_indexes,22992,AccessShareLock,t
1440071233.34974,pg_stat_database,22989,AccessShareLock,t
1440071233.34974,pg_statio_all_indexes,22992,AccessShareLock,t
1440071233.34974,pg_statio_all_tables,22991,AccessShareLock,t
1440071233.34974,pg_statistic,22989,AccessShareLock,t
1440071233.34974,pg_statistic_relid_att_inh_index,22989,AccessShareLock,t
1440071293.35149,lineitem,22484,ShareLock,t
1440071293.35149,lineitem,22480,ShareLock,t
1440071293.35149,pg_amproc,23002,AccessShareLock,t
1440071293.35149,pg_amproc_fam_proc_index,23002,AccessShareLock,t
1440071293.35149,pg_locks,23003,AccessShareLock,t
1440071293.35149,pg_rewrite,23004,AccessShareLock,t
1440071293.35149,pg_rewrite,23005,AccessShareLock,t
1440071293.35149,pg_rewrite_rel_rulename_index,23004,AccessShareLock,t
1440071293.35149,pg_rewrite_rel_rulename_index,23005,AccessShareLock,t
1440071293.35149,pg_stat_activity,23002,AccessShareLock,t
1440071293.35149,pg_stat_all_indexes,23005,AccessShareLock,t
1440071293.35149,pg_stat_all_tables,23004,AccessShareLock,t
1440071293.35149,pg_stat_database,23001,AccessShareLock,t
1440071293.35149,pg_statio_all_indexes,23005,AccessShareLock,t
1440071293.35149,pg_statio_all_tables,23004,AccessShareLock,t
1440071293.35149,pg_toast_2618,23004,AccessShareLock,t
1440071293.35149,pg_toast_2618_index,23004,AccessShareLock,t
1440071353.35315,lineitem,22480,ShareLock,t
1440071353.35315,lineitem,22484,ShareLock,t
1440071353.35315,pg_amproc,23015,AccessShareLock,t
1440071353.35315,pg_locks,23014,AccessShareLock,t
1440071353.35315,pg_rewrite,23018,AccessShareLock,t
1440071353.35315,pg_rewrite_rel_rulename_index,23018,AccessShareLock,t
1440071353.35315,pg_stat_activity,23015,AccessShareLock,t
1440071353.35315,pg_stat_all_indexes,23018,AccessShareLock,t
1440071353.35315,pg_stat_all_tables,23017,AccessShareLock,t
1440071353.35315,pg_stat_database,23016,AccessShareLock,t
1440071353.35315,pg_statio_all_indexes,23018,AccessShareLock,t
1440071353.35315,pg_statio_all_tables,23017,AccessShareLock,t
1440071413.35563,lineitem,22484,ShareLock,t
1440071413.35563,lineitem,22480,ShareLock,t
1440071413.35563,pg_locks,23034,AccessShareLock,t
1440071413.35563,pg_rewrite,23038,AccessShareLock,t
1440071413.35563,pg_rewrite_rel_rulename_index,23038,AccessShareLock,t
1440071413.35563,pg_stat_activity,23035,AccessShareLock,t
1440071413.35563,pg_stat_all_indexes,23038,AccessShareLock,t
1440071413.35563,pg_stat_all_tables,23037,AccessShareLock,t
1440071413.35563,pg_stat_database,23036,AccessShareLock,t
1440071413.35563,pg_statio_all_tables,23037,AccessShareLock,t
1440071413.35563,pg_toast_2618,23038,AccessShareLock,t
1440071413.35563,pg_toast_2618_index,23038,AccessShareLock,t
1440071473.35819,lineitem,22480,ShareLock,t
1440071473.35819,lineitem,22484,ShareLock,t
1440071473.35819,pg_index,23053,AccessShareLock,t
1440071473.35819,pg_locks,23051,AccessShareLock,t
1440071473.35819,pg_namespace,23053,AccessShareLock,t
1440071473.35819,pg_stat_all_indexes,23052,AccessShareLock,t
1440071473.35819,pg_stat_all_tables,23053,AccessShareLock,t
1440071473.35819,pg_stat_database,23050,AccessShareLock,t
1440071473.35819,pg_statio_all_indexes,23052,AccessShareLock,t
1440071473.35819,pg_statio_all_tables,23053,AccessShareLock,t
1440071533.35922,lineitem,22480,ShareLock,t
1440071533.35922,lineitem,22484,ShareLock,t
1440071533.35922,pg_locks,23062,AccessShareLock,t
1440071533.35922,pg_opclass,23066,AccessShareLock,t
1440071533.35922,pg_opclass_oid_index,23066,AccessShareLock,t
1440071533.35922,pg_rewrite,23066,AccessShareLock,t
1440071533.35922,pg_rewrite_rel_rulename_index,23066,AccessShareLock,t
1440071533.35922,pg_stat_activity,23063,AccessShareLock,t
1440071533.35922,pg_stat_all_indexes,23066,AccessShareLock,t
1440071533.35922,pg_stat_all_tables,23065,AccessShareLock,t
1440071533.35922,pg_stat_database,23064,AccessShareLock,t
1440071533.35922,pg_statio_all_tables,23065,AccessShareLock,t
1440071533.35922,pg_toast_2618,23066,AccessShareLock,t
1440071533.35922,pg_toast_2618_index,23066,AccessShareLock,t
1440071593.3612,lineitem,22480,ShareLock,t
1440071593.3612,lineitem,22484,ShareLock,t
1440071593.3612,pg_locks,23076,AccessShareLock,t
1440071593.3612,pg_rewrite,23079,AccessShareLock,t
1440071593.3612,pg_rewrite,23078,AccessShareLock,t
1440071593.3612,pg_rewrite_rel_rulename_index,23078,AccessShareLock,t
1440071593.3612,pg_rewrite_rel_rulename_index,23079,AccessShareLock,t
1440071593.3612,pg_stat_activity,23077,AccessShareLock,t
1440071593.3612,pg_stat_all_indexes,23079,AccessShareLock,t
1440071593.3612,pg_stat_database,23075,AccessShareLock,t
1440071593.3612,pg_statio_all_indexes,23079,AccessShareLock,t
1440071593.3612,pg_statio_all_tables,23078,AccessShareLock,t
1440071653.3638,lineitem,22480,ShareLock,t
1440071653.3638,lineitem,22484,ShareLock,t
1440071653.3638,pg_index,23092,AccessShareLock,t
1440071653.3638,pg_locks,23089,AccessShareLock,t
1440071653.3638,pg_operator,23091,AccessShareLock,t
1440071653.3638,pg_operator_oprname_l_r_n_index,23091,AccessShareLock,t
1440071653.3638,pg_stat_activity,23090,AccessShareLock,t
1440071653.3638,pg_stat_all_indexes,23092,AccessShareLock,t
1440071653.3638,pg_stat_all_tables,23091,AccessShareLock,t
1440071653.3638,pg_stat_database,23088,AccessShareLock,t
1440071653.3638,pg_statio_all_indexes,23092,AccessShareLock,t
1440071653.3638,pg_statio_all_tables,23091,AccessShareLock,t
1440071713.36556,lineitem,22484,ShareLock,t
1440071713.36556,lineitem,22480,ShareLock,t
1440071713.36556,pg_locks,23102,AccessShareLock,t
1440071713.36556,pg_rewrite,23104,AccessShareLock,t
1440071713.36556,pg_rewrite_rel_rulename_index,23104,AccessShareLock,t
1440071713.36556,pg_stat_activity,23101,AccessShareLock,t
1440071713.36556,pg_stat_all_indexes,23105,AccessShareLock,t
1440071713.36556,pg_stat_all_tables,23104,AccessShareLock,t
1440071713.36556,pg_stat_database,23103,AccessShareLock,t
1440071713.36556,pg_statio_all_indexes,23105,AccessShareLock,t
1440071713.36556,pg_statio_all_tables,23104,AccessShareLock,t
1440071773.36777,lineitem,22484,ShareLock,t
1440071773.36777,lineitem,22480,ShareLock,t
1440071773.36777,pg_locks,23115,AccessShareLock,t
1440071773.36777,pg_rewrite,23116,AccessShareLock,t
1440071773.36777,pg_rewrite_rel_rulename_index,23116,AccessShareLock,t
1440071773.36777,pg_stat_activity,23114,AccessShareLock,t
1440071773.36777,pg_stat_all_indexes,23118,AccessShareLock,t
1440071773.36777,pg_stat_all_tables,23116,AccessShareLock,t
1440071773.36777,pg_stat_database,23117,AccessShareLock,t
1440071773.36777,pg_statio_all_tables,23116,AccessShareLock,t
1440071833.37107,lineitem,22484,ShareLock,t
1440071833.37107,lineitem,22480,ShareLock,t
1440071833.37107,pg_index,23133,AccessShareLock,t
1440071833.37107,pg_locks,23130,AccessShareLock,t
1440071833.37107,pg_stat_activity,23129,AccessShareLock,t
1440071833.37107,pg_stat_all_indexes,23133,AccessShareLock,t
1440071833.37107,pg_stat_all_tables,23132,AccessShareLock,t
1440071833.37107,pg_stat_database,23131,AccessShareLock,t
1440071833.37107,pg_statio_all_indexes,23133,AccessShareLock,t
1440071833.37107,pg_statio_all_tables,23132,AccessShareLock,t
1440071893.37241,lineitem,22480,ShareLock,t
1440071893.37241,lineitem,22484,ShareLock,t
1440071893.37241,pg_index,23145,AccessShareLock,t
1440071893.37241,pg_index,23144,AccessShareLock,t
1440071893.37241,pg_locks,23143,AccessShareLock,t
1440071893.37241,pg_namespace,23145,AccessShareLock,t
1440071893.37241,pg_operator,23145,AccessShareLock,t
1440071893.37241,pg_operator_oid_index,23145,AccessShareLock,t
1440071893.37241,pg_stat_activity,23142,AccessShareLock,t
1440071893.37241,pg_stat_all_indexes,23145,AccessShareLock,t
1440071893.37241,pg_stat_all_tables,23144,AccessShareLock,t
1440071893.37241,pg_stat_database,23146,AccessShareLock,t
1440071893.37241,pg_statio_all_indexes,23145,AccessShareLock,t
1440071893.37241,pg_statio_all_tables,23144,AccessShareLock,t
1440071953.37333,lineitem,22484,ShareLock,t
1440071953.37333,lineitem,22480,ShareLock,t
1440071953.37333,pg_locks,23156,AccessShareLock,t
1440071953.37333,pg_rewrite,23158,AccessShareLock,t
1440071953.37333,pg_rewrite,23159,AccessShareLock,t
1440071953.37333,pg_rewrite_rel_rulename_index,23158,AccessShareLock,t
1440071953.37333,pg_rewrite_rel_rulename_index,23159,AccessShareLock,t
1440071953.37333,pg_stat_activity,23155,AccessShareLock,t
1440071953.37333,pg_stat_all_indexes,23159,AccessShareLock,t
1440071953.37333,pg_stat_all_tables,23158,AccessShareLock,t
1440071953.37333,pg_stat_database,23157,AccessShareLock,t
1440071953.37333,pg_statio_all_indexes,23159,AccessShareLock,t
1440071953.37333,pg_statio_all_tables,23158,AccessShareLock,t
1440072013.37777,lineitem,22480,ShareLock,t
1440072013.37777,lineitem,22484,ShareLock,t
1440072013.37777,pg_index,23176,AccessShareLock,t
1440072013.37777,pg_locks,23178,AccessShareLock,t
1440072013.37777,pg_namespace,23176,AccessShareLock,t
1440072013.37777,pg_rewrite,23177,AccessShareLock,t
1440072013.37777,pg_rewrite_rel_rulename_index,23177,AccessShareLock,t
1440072013.37777,pg_stat_activity,23179,AccessShareLock,t
1440072013.37777,pg_stat_all_indexes,23176,AccessShareLock,t
1440072013.37777,pg_stat_database,23175,AccessShareLock,t
1440072013.37777,pg_statio_all_indexes,23176,AccessShareLock,t
1440072013.37777,pg_statio_all_tables,23177,AccessShareLock,t
1440072073.38083,lineitem,22484,ShareLock,t
1440072073.38083,pg_index,23208,AccessShareLock,t
1440072073.38083,pg_index,23211,AccessShareLock,t
1440072073.38083,pg_locks,23212,AccessShareLock,t
1440072073.38083,pg_namespace,23211,AccessShareLock,t
1440072073.38083,pg_namespace,23208,AccessShareLock,t
1440072073.38083,pg_stat_all_indexes,23211,AccessShareLock,t
1440072073.38083,pg_stat_all_tables,23208,AccessShareLock,t
1440072073.38083,pg_stat_database,23210,AccessShareLock,t
1440072073.38083,pg_statio_all_indexes,23211,AccessShareLock,t
1440072073.38083,pg_statio_all_tables,23208,AccessShareLock,t
1440072133.38201,lineitem,22484,ShareLock,t
1440072133.38201,pg_locks,23221,AccessShareLock,t
1440072133.38201,pg_stat_activity,23222,AccessShareLock,t
1440072133.38201,pg_stat_all_indexes,23225,AccessShareLock,t
1440072133.38201,pg_stat_all_tables,23224,AccessShareLock,t
1440072133.38201,pg_stat_database,23223,AccessShareLock,t
1440072133.38201,pg_statio_all_indexes,23225,AccessShareLock,t
1440072133.38201,pg_statio_all_tables,23224,AccessShareLock,t
1440072193.38369,lineitem,22484,ShareLock,t
1440072193.38369,pg_index,23236,AccessShareLock,t
1440072193.38369,pg_locks,23234,AccessShareLock,t
1440072193.38369,pg_namespace,23236,AccessShareLock,t
1440072193.38369,pg_stat_activity,23235,AccessShareLock,t
1440072193.38369,pg_stat_all_indexes,23236,AccessShareLock,t
1440072193.38369,pg_stat_all_tables,23237,AccessShareLock,t
1440072193.38369,pg_stat_database,23238,AccessShareLock,t
1440072193.38369,pg_statio_all_indexes,23236,AccessShareLock,t
1440072193.38369,pg_statio_all_tables,23237,AccessShareLock,t
1440072253.38693,lineitem,22484,ShareLock,t
1440072253.38693,pg_index,23248,AccessShareLock,t
1440072253.38693,pg_index,23247,AccessShareLock,t
1440072253.38693,pg_locks,23250,AccessShareLock,t
1440072253.38693,pg_namespace,23247,AccessShareLock,t
1440072253.38693,pg_stat_activity,23251,AccessShareLock,t
1440072253.38693,pg_stat_all_indexes,23248,AccessShareLock,t
1440072253.38693,pg_stat_all_tables,23247,AccessShareLock,t
1440072253.38693,pg_stat_database,23249,AccessShareLock,t
1440072253.38693,pg_statio_all_indexes,23248,AccessShareLock,t
1440072253.38693,pg_statio_all_tables,23247,AccessShareLock,t
1440072313.38764,lineitem,22484,ShareLock,t
1440072313.38764,pg_locks,23262,AccessShareLock,t
1440072313.38764,pg_rewrite,23263,AccessShareLock,t
1440072313.38764,pg_rewrite_rel_rulename_index,23263,AccessShareLock,t
1440072313.38764,pg_stat_activity,23260,AccessShareLock,t
1440072313.38764,pg_stat_all_indexes,23264,AccessShareLock,t
1440072313.38764,pg_stat_all_tables,23263,AccessShareLock,t
1440072313.38764,pg_stat_database,23261,AccessShareLock,t
1440072313.38764,pg_statio_all_indexes,23264,AccessShareLock,t
1440072313.38764,pg_statio_all_tables,23263,AccessShareLock,t
1440072373.39004,lineitem,22484,ShareLock,t
1440072373.39004,pg_index,23277,AccessShareLock,t
1440072373.39004,pg_locks,23275,AccessShareLock,t
1440072373.39004,pg_namespace,23277,AccessShareLock,t
1440072373.39004,pg_stat_activity,23276,AccessShareLock,t
1440072373.39004,pg_stat_all_indexes,23277,AccessShareLock,t
1440072373.39004,pg_stat_all_tables,23274,AccessShareLock,t
1440072373.39004,pg_stat_database,23273,AccessShareLock,t
1440072373.39004,pg_statio_all_indexes,23277,AccessShareLock,t
1440072373.39004,pg_statio_all_tables,23274,AccessShareLock,t
1440072433.39138,lineitem,22484,ShareLock,t
1440072433.39138,pg_index,23288,AccessShareLock,t
1440072433.39138,pg_locks,23286,AccessShareLock,t
1440072433.39138,pg_operator,23289,AccessShareLock,t
1440072433.39138,pg_operator_oid_index,23289,AccessShareLock,t
1440072433.39138,pg_stat_activity,23290,AccessShareLock,t
1440072433.39138,pg_stat_all_indexes,23289,AccessShareLock,t
1440072433.39138,pg_stat_all_tables,23288,AccessShareLock,t
1440072433.39138,pg_stat_database,23287,AccessShareLock,t
1440072433.39138,pg_statio_all_indexes,23289,AccessShareLock,t
1440072433.39138,pg_statio_all_tables,23288,AccessShareLock,t
1440072493.3937,lineitem,22484,ShareLock,t
1440072493.3937,pg_locks,23299,AccessShareLock,t
1440072493.3937,pg_stat_all_indexes,23302,AccessShareLock,t
1440072493.3937,pg_stat_all_tables,23301,AccessShareLock,t
1440072493.3937,pg_stat_database,23300,AccessShareLock,t
1440072493.3937,pg_statio_all_indexes,23302,AccessShareLock,t
1440072493.3937,pg_statio_all_tables,23301,AccessShareLock,t
1440072553.39593,lineitem,22484,ShareLock,t
1440072553.39593,pg_index,23315,AccessShareLock,t
1440072553.39593,pg_locks,23312,AccessShareLock,t
1440072553.39593,pg_stat_activity,23313,AccessShareLock,t
1440072553.39593,pg_stat_all_indexes,23315,AccessShareLock,t
1440072553.39593,pg_stat_all_tables,23316,AccessShareLock,t
1440072553.39593,pg_stat_database,23314,AccessShareLock,t
1440072553.39593,pg_statio_all_indexes,23315,AccessShareLock,t
1440072553.39593,pg_statio_all_tables,23316,AccessShareLock,t
1440072613.39839,lineitem,22484,ShareLock,t
1440072613.39839,pg_index,23335,AccessShareLock,t
1440072613.39839,pg_index,23336,AccessShareLock,t
1440072613.39839,pg_locks,23334,AccessShareLock,t
1440072613.39839,pg_namespace,23336,AccessShareLock,t
1440072613.39839,pg_stat_all_indexes,23336,AccessShareLock,t
1440072613.39839,pg_stat_all_tables,23335,AccessShareLock,t
1440072613.39839,pg_stat_database,23333,AccessShareLock,t
1440072613.39839,pg_statio_all_indexes,23336,AccessShareLock,t
1440072613.39839,pg_statio_all_tables,23335,AccessShareLock,t
1440072673.39951,lineitem,23340,ShareUpdateExclusiveLock,t
1440072673.39951,lineitem_l_orderkey_idx,23340,RowExclusiveLock,t
1440072673.39951,lineitem_l_orderkey_idx_l_returnflag,23340,RowExclusiveLock,t
1440072673.39951,lineitem_l_orderkey_idx_part1,23340,RowExclusiveLock,t
1440072673.39951,lineitem_l_orderkey_idx_part2,23340,RowExclusiveLock,t
1440072673.39951,lineitem_l_orderkey_l_linenumber_l_shipdate_idx,23340,RowExclusiveLock,t
1440072673.39951,lineitem_l_partkey_l_quantity_l_shipmode_idx,23340,RowExclusiveLock,t
1440072673.39951,lineitem_l_shipdate_l_suppkey__idx,23340,RowExclusiveLock,t
1440072673.39951,pg_locks,23348,AccessShareLock,t
1440072673.39951,pg_operator,23351,AccessShareLock,t
1440072673.39951,pg_operator_oid_index,23351,AccessShareLock,t
1440072673.39951,pg_stat_all_indexes,23351,AccessShareLock,t
1440072673.39951,pg_stat_all_tables,23350,AccessShareLock,t
1440072673.39951,pg_stat_database,23349,AccessShareLock,t
1440072673.39951,pg_statio_all_indexes,23351,AccessShareLock,t
1440072673.39951,pg_statio_all_tables,23350,AccessShareLock,t
1440072673.39951,pk_lineitem,23340,RowExclusiveLock,t
1440072733.4012,lineitem,23340,ShareUpdateExclusiveLock,t
1440072733.4012,lineitem_l_orderkey_idx,23340,RowExclusiveLock,t
1440072733.4012,lineitem_l_orderkey_idx_l_returnflag,23340,RowExclusiveLock,t
1440072733.4012,lineitem_l_orderkey_idx_part1,23340,RowExclusiveLock,t
1440072733.4012,lineitem_l_orderkey_idx_part2,23340,RowExclusiveLock,t
1440072733.4012,lineitem_l_orderkey_l_linenumber_l_shipdate_idx,23340,RowExclusiveLock,t
1440072733.4012,lineitem_l_partkey_l_quantity_l_shipmode_idx,23340,RowExclusiveLock,t
1440072733.4012,lineitem_l_shipdate_l_suppkey__idx,23340,RowExclusiveLock,t
1440072733.4012,pg_amproc,23360,AccessShareLock,t
1440072733.4012,pg_amproc_fam_proc_index,23360,AccessShareLock,t
1440072733.4012,pg_locks,23361,AccessShareLock,t
1440072733.4012,pg_rewrite,23363,AccessShareLock,t
1440072733.4012,pg_rewrite_rel_rulename_index,23363,AccessShareLock,t
1440072733.4012,pg_stat_activity,23360,AccessShareLock,t
1440072733.4012,pg_stat_all_indexes,23363,AccessShareLock,t
1440072733.4012,pg_stat_all_tables,23364,AccessShareLock,t
1440072733.4012,pg_stat_database,23362,AccessShareLock,t
1440072733.4012,pg_statio_all_tables,23364,AccessShareLock,t
1440072733.4012,pk_lineitem,23340,RowExclusiveLock,t
1440072793.40348,lineitem,23340,ShareUpdateExclusiveLock,t
1440072793.40348,lineitem_l_orderkey_idx,23340,RowExclusiveLock,t
1440072793.40348,lineitem_l_orderkey_idx_l_returnflag,23340,RowExclusiveLock,t
1440072793.40348,lineitem_l_orderkey_idx_part1,23340,RowExclusiveLock,t
1440072793.40348,lineitem_l_orderkey_idx_part2,23340,RowExclusiveLock,t
1440072793.40348,lineitem_l_orderkey_l_linenumber_l_shipdate_idx,23340,RowExclusiveLock,t
1440072793.40348,lineitem_l_partkey_l_quantity_l_shipmode_idx,23340,RowExclusiveLock,t
1440072793.40348,lineitem_l_shipdate_l_suppkey__idx,23340,RowExclusiveLock,t
1440072793.40348,pg_locks,23375,AccessShareLock,t
1440072793.40348,pg_operator,23378,AccessShareLock,t
1440072793.40348,pg_operator_oid_index,23378,AccessShareLock,t
1440072793.40348,pg_stat_activity,23374,AccessShareLock,t
1440072793.40348,pg_stat_all_indexes,23378,AccessShareLock,t
1440072793.40348,pg_stat_all_tables,23377,AccessShareLock,t
1440072793.40348,pg_stat_database,23376,AccessShareLock,t
1440072793.40348,pg_statio_all_indexes,23378,AccessShareLock,t
1440072793.40348,pg_statio_all_tables,23377,AccessShareLock,t
1440072793.40348,pk_lineitem,23340,RowExclusiveLock,t
1440072853.40621,lineitem,23340,ShareUpdateExclusiveLock,t
1440072853.40621,lineitem_l_orderkey_idx,23340,RowExclusiveLock,t
1440072853.40621,lineitem_l_orderkey_idx_l_returnflag,23340,RowExclusiveLock,t
1440072853.40621,lineitem_l_orderkey_idx_part1,23340,RowExclusiveLock,t
1440072853.40621,lineitem_l_orderkey_idx_part2,23340,RowExclusiveLock,t
1440072853.40621,lineitem_l_orderkey_l_linenumber_l_shipdate_idx,23340,RowExclusiveLock,t
1440072853.40621,lineitem_l_partkey_l_quantity_l_shipmode_idx,23340,RowExclusiveLock,t
1440072853.40621,lineitem_l_shipdate_l_suppkey__idx,23340,RowExclusiveLock,t
1440072853.40621,pg_index,23389,AccessShareLock,t
1440072853.40621,pg_index,23390,AccessShareLock,t
1440072853.40621,pg_locks,23393,AccessShareLock,t
1440072853.40621,pg_namespace,23389,AccessShareLock,t
1440072853.40621,pg_namespace,23390,AccessShareLock,t
1440072853.40621,pg_stat_activity,23391,AccessShareLock,t
1440072853.40621,pg_stat_all_indexes,23389,AccessShareLock,t
1440072853.40621,pg_stat_all_tables,23390,AccessShareLock,t
1440072853.40621,pg_stat_database,23392,AccessShareLock,t
1440072853.40621,pg_statio_all_indexes,23389,AccessShareLock,t
1440072853.40621,pg_statio_all_tables,23390,AccessShareLock,t
1440072853.40621,pk_lineitem,23340,RowExclusiveLock,t
1440072913.40768,lineitem,23340,ShareUpdateExclusiveLock,t
1440072913.40768,lineitem_l_orderkey_idx,23340,RowExclusiveLock,t
1440072913.40768,lineitem_l_orderkey_idx_l_returnflag,23340,RowExclusiveLock,t
1440072913.40768,lineitem_l_orderkey_idx_part1,23340,RowExclusiveLock,t
1440072913.40768,lineitem_l_orderkey_idx_part2,23340,RowExclusiveLock,t
1440072913.40768,lineitem_l_orderkey_l_linenumber_l_shipdate_idx,23340,RowExclusiveLock,t
1440072913.40768,lineitem_l_partkey_l_quantity_l_shipmode_idx,23340,RowExclusiveLock,t
1440072913.40768,lineitem_l_shipdate_l_suppkey__idx,23340,RowExclusiveLock,t
1440072913.40768,pg_cast,23405,AccessShareLock,t
1440072913.40768,pg_locks,23403,AccessShareLock,t
1440072913.40768,pg_stat_activity,23404,AccessShareLock,t
1440072913.40768,pg_stat_all_indexes,23405,AccessShareLock,t
1440072913.40768,pg_stat_all_tables,23406,AccessShareLock,t
1440072913.40768,pg_stat_database,23402,AccessShareLock,t
1440072913.40768,pg_statio_all_indexes,23405,AccessShareLock,t
1440072913.40768,pg_statio_all_tables,23406,AccessShareLock,t
1440072913.40768,pk_lineitem,23340,RowExclusiveLock,t
1440072973.41044,lineitem,23340,ShareUpdateExclusiveLock,t
1440072973.41044,lineitem_l_orderkey_idx,23340,RowExclusiveLock,t
1440072973.41044,lineitem_l_orderkey_idx_l_returnflag,23340,RowExclusiveLock,t
1440072973.41044,lineitem_l_orderkey_idx_part1,23340,RowExclusiveLock,t
1440072973.41044,lineitem_l_orderkey_idx_part2,23340,RowExclusiveLock,t
1440072973.41044,lineitem_l_orderkey_l_linenumber_l_shipdate_idx,23340,RowExclusiveLock,t
1440072973.41044,lineitem_l_partkey_l_quantity_l_shipmode_idx,23340,RowExclusiveLock,t
1440072973.41044,lineitem_l_shipdate_l_suppkey__idx,23340,RowExclusiveLock,t
1440072973.41044,pg_index,23415,AccessShareLock,t
1440072973.41044,pg_index,23416,AccessShareLock,t
1440072973.41044,pg_index_indexrelid_index,23415,AccessShareLock,t
1440072973.41044,pg_index_indrelid_index,23415,AccessShareLock,t
1440072973.41044,pg_locks,23418,AccessShareLock,t
1440072973.41044,pg_namespace,23416,AccessShareLock,t
1440072973.41044,pg_namespace,23415,AccessShareLock,t
1440072973.41044,pg_namespace_nspname_index,23415,AccessShareLock,t
1440072973.41044,pg_namespace_oid_index,23415,AccessShareLock,t
1440072973.41044,pg_opclass,23415,AccessShareLock,t
1440072973.41044,pg_opclass_am_name_nsp_index,23415,AccessShareLock,t
1440072973.41044,pg_stat_all_indexes,23416,AccessShareLock,t
1440072973.41044,pg_stat_all_tables,23415,AccessShareLock,t
1440072973.41044,pg_stat_database,23419,AccessShareLock,t
1440072973.41044,pg_statio_all_indexes,23416,AccessShareLock,t
1440072973.41044,pg_statio_all_tables,23415,AccessShareLock,t
1440072973.41044,pk_lineitem,23340,RowExclusiveLock,t
1440073033.41173,lineitem,23340,ShareUpdateExclusiveLock,t
1440073033.41173,lineitem_l_orderkey_idx,23340,RowExclusiveLock,t
1440073033.41173,lineitem_l_orderkey_idx_l_returnflag,23340,RowExclusiveLock,t
1440073033.41173,lineitem_l_orderkey_idx_part1,23340,RowExclusiveLock,t
1440073033.41173,lineitem_l_orderkey_idx_part2,23340,RowExclusiveLock,t
1440073033.41173,lineitem_l_orderkey_l_linenumber_l_shipdate_idx,23340,RowExclusiveLock,t
1440073033.41173,lineitem_l_partkey_l_quantity_l_shipmode_idx,23340,RowExclusiveLock,t
1440073033.41173,lineitem_l_shipdate_l_suppkey__idx,23340,RowExclusiveLock,t
1440073033.41173,pg_index,23431,AccessShareLock,t
1440073033.41173,pg_locks,23428,AccessShareLock,t
1440073033.41173,pg_namespace,23431,AccessShareLock,t
1440073033.41173,pg_stat_activity,23430,AccessShareLock,t
1440073033.41173,pg_stat_all_indexes,23431,AccessShareLock,t
1440073033.41173,pg_stat_all_tables,23432,AccessShareLock,t
1440073033.41173,pg_stat_database,23429,AccessShareLock,t
1440073033.41173,pg_statio_all_indexes,23431,AccessShareLock,t
1440073033.41173,pg_statio_all_tables,23432,AccessShareLock,t
1440073033.41173,pk_lineitem,23340,RowExclusiveLock,t
